study_id,run_id,number,timestamp,email,format,is_example_data,data_source_name,age,user_id,gender,uses_cgm,cgm_duration_years,diabetic,diabetic_type,diabetes_duration,location,rounds_played,predicted_values,real_values,prediction_times,overall_mae_mgdl,overall_mse_mgdl,overall_rmse_mgdl,overall_mape_pct,per_round_metrics
30073a83-8233-5222-ab7f-a7edbc6dfc08,46a77e2e-bf8a-4066-baae-1ce209ffc64d,0,2026-06-01 12:00:00,participant_30073a83@example.com,A,true,example.csv,71.0,395,F,false,,true,Type 1,22.4817381237546,Test City,8,[],[],[],13.414221290472106,184.41016071298128,13.579770274676273,8.94281419364807,"[{'round_number': 1, 'mae': 12.167175504472771, 'mse': 148.04015975664223, 'rmse': 14.600610605367326, 'mape': 8.111450336315182}, {'round_number': 2, 'mae': 10.556248194998552, 'mse': 111.4343759544102, 'rmse': 12.667497833998263, 'mape': 7.037498796665702}, {'round_number': 3, 'mae': 13.711618667780256, 'mse': 188.00848649062, 'rmse': 16.453942401336306, 'mape': 9.141079111853504}, {'round_number': 4, 'mae': 17.55183359665154, 'mse': 308.06686260454575, 'rmse': 21.062200315981848, 'mape': 11.701222397767694}, {'round_number': 5, 'mae': 12.054568304333952, 'mse': 145.31261700385272, 'rmse': 14.465481965200741, 'mape': 8.036378869555968}, {'round_number': 6, 'mae': 11.669763160528118, 'mse': 136.18337222281923, 'rmse': 14.003715792633741, 'mape': 7.779842107018745}, {'round_number': 7, 'mae': 15.000714010543534, 'mse': 225.0214208261171, 'rmse': 18.00085681265224, 'mape': 10.000476007029024}, {'round_number': 8, 'mae': 14.601848884468122, 'mse': 213.21399084484295, 'rmse': 17.522218661361745, 'mape': 9.734565922978748}]"
30073a83-8233-5222-ab7f-a7edbc6dfc08,3a58250a-e7fa-40e5-b039-4e29c63de949,1,2026-06-02 12:00:00,participant_30073a83@example.com,B,false,upload.csv,71.0,395,M,false,,true,Type 1,22.4817381237546,Test City,8,[],[],[],9.698511645665668,100.06604232045368,10.00330157100413,6.465674430443779,"[{'round_number': 1, 'mae': 11.946601847019268, 'mse': 142.7212956912042, 'rmse': 14.335922216423121, 'mape': 7.964401231346179}, {'round_number': 2, 'mae': 8.838954965900959, 'mse': 78.12712488922521, 'rmse': 10.60674595908115, 'mape': 5.892636643933972}, {'round_number': 3, 'mae': 11.542603632635752, 'mse': 133.23169862013606, 'rmse': 13.8511243591629, 'mape': 7.695069088423835}, {'round_number': 4, 'mae': 13.716268683400436, 'mse': 188.13602659523153, 'rmse': 16.45952242008052, 'mape': 9.144179122266957}, {'round_number': 5, 'mae': 7.597715458170327, 'mse': 57.725280183320336, 'rmse': 9.117258549804392, 'mape': 5.065143638780218}, {'round_number': 6, 'mae': 10.257511816904918, 'mse': 105.21654867394403, 'rmse': 12.309014180285901, 'mape': 6.838341211269945}, {'round_number': 7, 'mae': 5.92669088062304, 'mse': 35.125664794460306, 'rmse': 7.112029056747648, 'mape': 3.9511272537486932}, {'round_number': 8, 'mae': 7.761745880670643, 'mse': 60.244699116107704, 'rmse': 9.314095056804772, 'mape': 5.174497253780429}]"
27ba2f05-f7cb-5c3f-b6f2-075df79abf2c,baae3284-313c-4301-ab93-9fc68e044f57,0,2026-06-01 12:00:00,participant_27ba2f05@example.com,A,true,example.csv,53.0,545,F,true,58.0,false,"",0.0,Test City,8,[],[],[],15.35849248349637,243.5607414669216,15.60643269510754,10.23899498899758,"[{'round_number': 1, 'mae': 17.77717149649435, 'mse': 316.0278264157712, 'rmse': 21.33260579579322, 'mape': 11.851447664329568}, {'round_number': 2, 'mae': 17.43363167990192, 'mse': 303.9315135504799, 'rmse': 20.920358015882304, 'mape': 11.622421119934614}, {'round_number': 3, 'mae': 16.402585586139384, 'mse': 269.0448139106275, 'rmse': 19.68310270336726, 'mape': 10.935057057426256}, {'round_number': 4, 'mae': 9.413099287567707, 'mse': 88.60643819760767, 'rmse': 11.295719145081248, 'mape': 6.275399525045138}, {'round_number': 5, 'mae': 15.347299732489338, 'mse': 235.5396090788673, 'rmse': 18.416759678987205, 'mape': 10.231533154992892}, {'round_number': 6, 'mae': 16.81787558382603, 'mse': 282.84093915305175, 'rmse': 20.181450700591235, 'mape': 11.21191705588402}, {'round_number': 7, 'mae': 17.30330537803917, 'mse': 299.40437700567924, 'rmse': 20.763966453647004, 'mape': 11.53553691869278}, {'round_number': 8, 'mae': 12.372971123513068, 'mse': 153.09041442328822, 'rmse': 14.847565348215682, 'mape': 8.248647415675379}]"
27ba2f05-f7cb-5c3f-b6f2-075df79abf2c,ac64c16b-f597-435e-862d-374e22241059,1,2026-06-02 12:00:00,participant_27ba2f05@example.com,B,false,upload.csv,53.0,545,M,true,58.0,false,"",0.0,Test City,8,[],[],[],12.859415784524261,170.27116254736376,13.048799276077618,8.572943856349507,"[{'round_number': 1, 'mae': 12.079960174835334, 'mse': 145.9254378256077, 'rmse': 14.4959522098024, 'mape': 8.053306783223556}, {'round_number': 2, 'mae': 10.577662768767206, 'mse': 111.88694964976392, 'rmse': 12.693195322520648, 'mape': 7.051775179178137}, {'round_number': 3, 'mae': 11.086708284660327, 'mse': 122.91510058915593, 'rmse': 13.304049941592393, 'mape': 7.391138856440218}, {'round_number': 4, 'mae': 16.69591587309536, 'mse': 278.75360684147756, 'rmse': 20.03509904771443, 'mape': 11.130610582063573}, {'round_number': 5, 'mae': 11.090615976941436, 'mse': 123.00176274798864, 'rmse': 13.308739172329723, 'mape': 7.393743984627624}, {'round_number': 6, 'mae': 13.415654888100564, 'mse': 179.97979607661654, 'rmse': 16.098785865720675, 'mape': 8.943769925400376}, {'round_number': 7, 'mae': 16.166389605086646, 'mse': 261.35215286345357, 'rmse': 19.399667526103975, 'mape': 10.777593070057764}, {'round_number': 8, 'mae': 11.762418704707219, 'mse': 138.35449378484626, 'rmse': 14.114902445648662, 'mape': 7.841612469804812}]"
daea1a90-f40c-5ac0-9663-6e8cabd3b0ba,e136547f-7804-499c-a30d-b747c4f63783,0,2026-06-01 12:00:00,participant_daea1a90@example.com,A,true,example.csv,48.0,7406,F,true,6.215531556447394,true,Type 1,22.068137772530303,Test City,8,[],[],[],90.74190135165895,8246.533828700289,90.81042797333514,60.49460090110597,"[{'round_number': 1, 'mae': 94.17624695955384, 'mse': 8869.165491386873, 'rmse': 113.0114963514646, 'mape': 62.78416463970256}, {'round_number': 2, 'mae': 85.45834265994378, 'mse': 7303.128330184367, 'rmse': 102.55001119193254, 'mape': 56.97222843996252}, {'round_number': 3, 'mae': 92.67792475839401, 'mse': 8589.197737522542, 'rmse': 111.21350971007281, 'mape': 61.78528317226267}, {'round_number': 4, 'mae': 90.45783877141896, 'mse': 8182.620595196027, 'rmse': 108.54940652570275, 'mape': 60.30522584761264}, {'round_number': 5, 'mae': 88.17536551200756, 'mse': 7774.895083176132, 'rmse': 105.81043861440907, 'mape': 58.78357700800504}, {'round_number': 6, 'mae': 96.10102633335649, 'mse': 9235.407262324477, 'rmse': 115.32123160002777, 'mape': 64.06735088890433}, {'round_number': 7, 'mae': 92.38655583058336, 'mse': 8535.275698237496, 'rmse': 110.86386699670003, 'mape': 61.591037220388905}, {'round_number': 8, 'mae': 86.50190998801355, 'mse': 7482.580431574399, 'rmse': 103.80229198561626, 'mape': 57.66793999200903}]"
daea1a90-f40c-5ac0-9663-6e8cabd3b0ba,9dcc647f-00ff-4a7b-8da6-275915c6942c,1,2026-06-02 12:00:00,participant_daea1a90@example.com,B,false,upload.csv,48.0,7406,M,true,6.215531556447394,true,Type 1,22.068137772530303,Test City,8,[],[],[],87.4817547274172,7656.464811833782,87.50122748758318,58.32116981827813,"[{'round_number': 1, 'mae': 86.76445671287351, 'mse': 7528.0709486801015, 'rmse': 104.1173480554482, 'mape': 57.842971141915676}, {'round_number': 2, 'mae': 88.27097677756967, 'mse': 7791.765341266244, 'rmse': 105.9251721330836, 'mape': 58.847317851713115}, {'round_number': 3, 'mae': 85.97456165050687, 'mse': 7391.625250996807, 'rmse': 103.16947398060825, 'mape': 57.31637443367125}, {'round_number': 4, 'mae': 88.58963882814474, 'mse': 7848.124107701131, 'rmse': 106.30756659377369, 'mape': 59.05975921876316}, {'round_number': 5, 'mae': 86.34135606611088, 'mse': 7454.829767334942, 'rmse': 103.60962727933305, 'mape': 57.560904044073915}, {'round_number': 6, 'mae': 88.5426507090621, 'mse': 7839.800994586975, 'rmse': 106.25118085087452, 'mape': 59.0284338060414}, {'round_number': 7, 'mae': 90.85647580152758, 'mse': 8254.899195073567, 'rmse': 109.0277709618331, 'mape': 60.57098386768505}, {'round_number': 8, 'mae': 84.51392127354217, 'mse': 7142.602889030483, 'rmse': 101.4167055282506, 'mape': 56.342614182361444}]"
1cb47f14-98f6-5012-ad18-d985e78d116e,33dadaa1-f2f3-4cb5-aa9b-e29ec6213364,0,2026-06-01 12:00:00,participant_1cb47f14@example.com,A,true,example.csv,33.0,6605,F,false,,false,"",0.0,Test City,8,[],[],[],22.096451454740347,494.8303423936201,22.244782363368273,14.730967636493565,"[{'round_number': 1, 'mae': 23.19435967523593, 'mse': 537.9783207442106, 'rmse': 27.833231610283114, 'mape': 15.462906450157286}, {'round_number': 2, 'mae': 19.250970858008017, 'mse': 370.59987897587393, 'rmse': 23.10116502960962, 'mape': 12.833980572005345}, {'round_number': 3, 'mae': 21.074649652050418, 'mse': 444.1408579566688, 'rmse': 25.2895795824605, 'mape': 14.04976643470028}, {'round_number': 4, 'mae': 22.223966523144945, 'mse': 493.90468802186723, 'rmse': 26.668759827773933, 'mape': 14.81597768209663}, {'round_number': 5, 'mae': 25.50884605785966, 'mse': 650.7012272035823, 'rmse': 30.61061526943159, 'mape': 17.00589737190644}, {'round_number': 6, 'mae': 26.24822046392083, 'mse': 688.9690775225922, 'rmse': 31.497864556704997, 'mape': 17.498813642613886}, {'round_number': 7, 'mae': 18.84197106410567, 'mse': 355.0198735805954, 'rmse': 22.610365276926803, 'mape': 12.561314042737115}, {'round_number': 8, 'mae': 20.428627343597288, 'mse': 417.3288151435708, 'rmse': 24.514352812316744, 'mape': 13.619084895731525}]"
74a0db49-97c6-54a7-8f8f-a3b96a91ad30,c51561b2-3495-45ab-b185-a5eb605c947c,0,2026-06-01 12:00:00,participant_74a0db49@example.com,A,true,example.csv,18.0,8728,F,true,8.014133912393754,true,Type 1,21.91488714066286,Test City,8,[],[],[],8.450902782213152,75.24630104857567,8.67446257981298,5.633935188142101,"[{'round_number': 1, 'mae': 10.18617736297498, 'mse': 103.75820926998392, 'rmse': 12.223412835569976, 'mape': 6.790784908649987}, {'round_number': 2, 'mae': 7.13632540059612, 'mse': 50.927140223193376, 'rmse': 8.563590480715344, 'mape': 4.75755026706408}, {'round_number': 3, 'mae': 7.012237978962837, 'mse': 49.17148147360881, 'rmse': 8.414685574755405, 'mape': 4.674825319308558}, {'round_number': 4, 'mae': 7.367379459708939, 'mse': 54.27828010334118, 'rmse': 8.840855351650726, 'mape': 4.911586306472626}, {'round_number': 5, 'mae': 12.688553862631194, 'mse': 160.999399124893, 'rmse': 15.226264635157431, 'mape': 8.459035908420796}, {'round_number': 6, 'mae': 6.833890833544112, 'mse': 46.70206392479824, 'rmse': 8.200669000252935, 'mape': 4.555927222362741}, {'round_number': 7, 'mae': 7.206924496168526, 'mse': 51.93976069347396, 'rmse': 8.648309395402231, 'mape': 4.804616330779017}, {'round_number': 8, 'mae': 9.17573286311851, 'mse': 84.19407357531301, 'rmse': 11.010879435742211, 'mape': 6.117155242079007}]"
74a0db49-97c6-54a7-8f8f-a3b96a91ad30,06453b82-8189-4c77-bfaa-097932c6bb58,1,2026-06-02 12:00:00,participant_74a0db49@example.com,B,false,upload.csv,18.0,8728,M,true,8.014133912393754,true,Type 1,21.91488714066286,Test City,8,[],[],[],3.778678068725055,17.505615418739083,4.183971249750538,2.5191187124833703,"[{'round_number': 1, 'mae': 3.3753570425051365, 'mse': 11.39303516438902, 'rmse': 4.050428451006163, 'mape': 2.250238028336758}, {'round_number': 2, 'mae': 3.145815693867334, 'mse': 9.896156379782017, 'rmse': 3.7749788326408007, 'mape': 2.097210462578223}, {'round_number': 3, 'mae': 1.0, 'mse': 1.0, 'rmse': 1.2, 'mape': 0.6666666666666666}, {'round_number': 4, 'mae': 3.703103973648857, 'mse': 13.712979039653955, 'rmse': 4.443724768378629, 'mape': 2.4687359824325714}, {'round_number': 5, 'mae': 2.406924708841244, 'mse': 5.793286554030507, 'rmse': 2.8883096506094925, 'mape': 1.6046164725608294}, {'round_number': 6, 'mae': 7.23605170633517, 'mse': 52.36044429675612, 'rmse': 8.683262047602204, 'mape': 4.824034470890113}, {'round_number': 7, 'mae': 5.696933885867994, 'mse': 32.455055699951, 'rmse': 6.836320663041592, 'mape': 3.7979559239119958}, {'round_number': 8, 'mae': 3.665237538734705, 'mse': 13.43396621535004, 'rmse': 4.398285046481646, 'mape': 2.4434916924898036}]"
d1cce51a-ed5f-5bbc-85ac-5f174c5655cc,7db996b5-3509-41a9-9a27-eab287383aa9,0,2026-06-01 12:00:00,participant_d1cce51a@example.com,A,true,example.csv,35.0,7406,F,true,5.719216558406335,false,"",0.0,Test City,8,[],[],[],13.36752218832758,186.0240774832966,13.639064391786432,8.911681458885054,"[{'round_number': 1, 'mae': 15.33663648776999, 'mse': 235.21241875799782, 'rmse': 18.403963785323988, 'mape': 10.224424325179994}, {'round_number': 2, 'mae': 17.102982232326113, 'mse': 292.5120012392627, 'rmse': 20.523578678791335, 'mape': 11.401988154884075}, {'round_number': 3, 'mae': 11.480155433814408, 'mse': 131.7939687845385, 'rmse': 13.776186520577289, 'mape': 7.6534369558762725}, {'round_number': 4, 'mae': 16.39287531642016, 'mse': 268.72636113969736, 'rmse': 19.67145037970419, 'mape': 10.928583544280107}, {'round_number': 5, 'mae': 10.288222817685245, 'mse': 105.84752874633932, 'rmse': 12.345867381222293, 'mape': 6.858815211790163}, {'round_number': 6, 'mae': 9.246848334965073, 'mse': 85.50420412984633, 'rmse': 11.096218001958087, 'mape': 6.164565556643382}, {'round_number': 7, 'mae': 14.439404536650558, 'mse': 208.49640337304473, 'rmse': 17.32728544398067, 'mape': 9.626269691100372}, {'round_number': 8, 'mae': 12.653052346989083, 'mse': 160.09973369564597, 'rmse': 15.1836628163869, 'mape': 8.435368231326056}]"
d1cce51a-ed5f-5bbc-85ac-5f174c5655cc,e1dee4c2-7692-41d1-87e1-e9c153f8214e,1,2026-06-02 12:00:00,participant_d1cce51a@example.com,B,false,upload.csv,35.0,7406,M,true,5.719216558406335,false,"",0.0,Test City,8,[],[],[],13.540140741536606,190.4277802261776,13.799557247469123,9.026760494357736,"[{'round_number': 1, 'mae': 13.556340317800636, 'mse': 183.77436281202705, 'rmse': 16.267608381360763, 'mape': 9.03756021186709}, {'round_number': 2, 'mae': 19.798451810122117, 'mse': 391.9786940777277, 'rmse': 23.75814217214654, 'mape': 13.198967873414745}, {'round_number': 3, 'mae': 10.569012386427723, 'mse': 111.70402282446263, 'rmse': 12.682814863713267, 'mape': 7.046008257618482}, {'round_number': 4, 'mae': 11.192351171332252, 'mse': 125.26872474242244, 'rmse': 13.430821405598701, 'mape': 7.461567447554835}, {'round_number': 5, 'mae': 13.680393768858066, 'mse': 187.1531736710106, 'rmse': 16.41647252262968, 'mape': 9.120262512572044}, {'round_number': 6, 'mae': 14.543221804901037, 'mse': 211.505300466549, 'rmse': 17.451866165881246, 'mape': 9.695481203267358}, {'round_number': 7, 'mae': 12.534963732946695, 'mse': 157.12531578628892, 'rmse': 15.041956479536033, 'mape': 8.35664248863113}, {'round_number': 8, 'mae': 12.446390939904319, 'mse': 154.9126474289323, 'rmse': 14.935669127885182, 'mape': 8.297593959936213}]"
6fe8dbe1-0414-5c68-b91b-410e57366946,1d2b5d7d-9c04-4e0f-82f0-d4a3b5c461e7,0,2026-06-01 12:00:00,participant_6fe8dbe1@example.com,A,true,example.csv,62.0,7050,F,false,,true,Type 1,4.20102581288198,Test City,8,[],[],[],12.87730865110235,169.36019424241042,13.01384625091331,8.584872434068233,"[{'round_number': 1, 'mae': 13.34100334575737, 'mse': 177.98237027150935, 'rmse': 16.009204014908843, 'mape': 8.894002230504913}, {'round_number': 2, 'mae': 10.071688933625616, 'mse': 101.43891797571669, 'rmse': 12.08602672035074, 'mape': 6.714459289083744}, {'round_number': 3, 'mae': 14.014660101796037, 'mse': 196.41069776887372, 'rmse': 16.817592122155244, 'mape': 9.343106734530691}, {'round_number': 4, 'mae': 10.661273368243316, 'mse': 113.66274983241419, 'rmse': 12.79352804189198, 'mape': 7.1075155788288775}, {'round_number': 5, 'mae': 16.151342923524076, 'mse': 260.86587823327125, 'rmse': 19.38161150822889, 'mape': 10.76756194901605}, {'round_number': 6, 'mae': 13.813380537588165, 'mse': 190.80948187621948, 'rmse': 16.576056645105798, 'mape': 9.20892035839211}, {'round_number': 7, 'mae': 13.5030622570801, 'mse': 182.33269031858111, 'rmse': 16.20367470849612, 'mape': 9.002041504720067}, {'round_number': 8, 'mae': 11.462057741204127, 'mse': 131.37876766269747, 'rmse': 13.754469289444952, 'mape': 7.641371827469418}]"
6fe8dbe1-0414-5c68-b91b-410e57366946,a8ac27d5-3fee-4690-b25f-5447359df2a1,1,2026-06-02 12:00:00,participant_6fe8dbe1@example.com,B,false,upload.csv,62.0,7050,M,false,,true,Type 1,4.20102581288198,Test City,8,[],[],[],10.280837231072592,118.02841778277164,10.864088446932474,6.853891487381728,"[{'round_number': 1, 'mae': 11.858597864878137, 'mse': 140.6263433208923, 'rmse': 14.230317437853763, 'mape': 7.9057319099187575}, {'round_number': 2, 'mae': 6.2211884577900545, 'mse': 38.7031858273402, 'rmse': 7.465426149348065, 'mape': 4.147458971860036}, {'round_number': 3, 'mae': 8.820204924942043, 'mse': 77.79601491797187, 'rmse': 10.584245909930452, 'mape': 5.880136616628029}, {'round_number': 4, 'mae': 13.302946734077482, 'mse': 176.96839180970275, 'rmse': 15.963536080892977, 'mape': 8.868631156051654}, {'round_number': 5, 'mae': 5.828726211044785, 'mse': 33.97404924332049, 'rmse': 6.994471453253742, 'mape': 3.8858174740298566}, {'round_number': 6, 'mae': 14.75425290095471, 'mse': 217.68797866533046, 'rmse': 17.70510348114565, 'mape': 9.836168600636473}, {'round_number': 7, 'mae': 6.976137910389493, 'mse': 48.66650014477349, 'rmse': 8.371365492467392, 'mape': 4.6507586069263285}, {'round_number': 8, 'mae': 14.484642844504023, 'mse': 209.8048783328416, 'rmse': 17.381571413404828, 'mape': 9.656428563002683}]"
14209431-ee6a-5786-aa96-4734127a199e,177ad491-7df7-4c31-b848-3732c5fae3cc,0,2026-06-01 12:00:00,participant_14209431@example.com,A,true,example.csv,69.0,5671,F,true,6.965326067811228,false,"",0.0,Test City,8,[],[],[],19.621534131854574,394.2159350172719,19.85487182072128,13.081022754569716,"[{'round_number': 1, 'mae': 14.71932908937089, 'mse': 216.65864884120006, 'rmse': 17.663194907245067, 'mape': 9.812886059580594}, {'round_number': 2, 'mae': 23.07728015892072, 'mse': 532.5608595333158, 'rmse': 27.69273619070486, 'mape': 15.384853439280478}, {'round_number': 3, 'mae': 23.65495537681319, 'mse': 559.5569138790233, 'rmse': 28.38594645217583, 'mape': 15.769970251208795}, {'round_number': 4, 'mae': 19.132419192244733, 'mse': 366.0494641477746, 'rmse': 22.95890303069368, 'mape': 12.754946128163155}, {'round_number': 5, 'mae': 18.508085093728393, 'mse': 342.54921383669114, 'rmse': 22.209702112474073, 'mape': 12.33872339581893}, {'round_number': 6, 'mae': 18.850233012333447, 'mse': 355.3312846192657, 'rmse': 22.620279614800136, 'mape': 12.566822008222298}, {'round_number': 7, 'mae': 16.404376941909117, 'mse': 269.1035828522395, 'rmse': 19.68525233029094, 'mape': 10.936251294606079}, {'round_number': 8, 'mae': 22.625594189516107, 'mse': 511.917512428665, 'rmse': 27.15071302741933, 'mape': 15.083729459677405}]"
a379a5d4-2eb9-5dd0-92c3-54ca4b83cdfa,7a0240d0-09f4-4115-b8f4-1d461cba0448,0,2026-06-01 12:00:00,participant_a379a5d4@example.com,A,true,example.csv,65.0,5021,F,true,5.057424568901284,true,Type 1,22.015602555747872,Test City,8,[],[],[],7.3612225966192595,58.0211726679908,7.617163032782664,4.907481731079506,"[{'round_number': 1, 'mae': 10.941605331339694, 'mse': 119.71872722680122, 'rmse': 13.129926397607633, 'mape': 7.294403554226463}, {'round_number': 2, 'mae': 6.708134670578477, 'mse': 44.99907075861701, 'rmse': 8.049761604694172, 'mape': 4.472089780385651}, {'round_number': 3, 'mae': 10.068162246382943, 'mse': 101.36789101949084, 'rmse': 12.081794695659532, 'mape': 6.712108164255295}, {'round_number': 4, 'mae': 7.210371180936296, 'mse': 51.98945256687667, 'rmse': 8.652445417123554, 'mape': 4.806914120624197}, {'round_number': 5, 'mae': 5.087186807087834, 'mse': 25.87946961020851, 'rmse': 6.1046241685054, 'mape': 3.3914578713918893}, {'round_number': 6, 'mae': 6.19034161018976, 'mse': 38.320329250846754, 'rmse': 7.428409932227712, 'mape': 4.126894406793173}, {'round_number': 7, 'mae': 5.489704238687818, 'mse': 30.136852628266993, 'rmse': 6.587645086425381, 'mape': 3.6598028257918784}, {'round_number': 8, 'mae': 7.194274687751257, 'mse': 51.757588282818446, 'rmse': 8.633129625301509, 'mape': 4.796183125167505}]"
a379a5d4-2eb9-5dd0-92c3-54ca4b83cdfa,88a9558c-3e32-406c-af54-d5b625dfb760,1,2026-06-02 12:00:00,participant_a379a5d4@example.com,B,false,upload.csv,65.0,5021,M,true,5.057424568901284,true,Type 1,22.015602555747872,Test City,8,[],[],[],4.922578873005744,31.37794838604977,5.601602305238187,3.281719248670496,"[{'round_number': 1, 'mae': 4.769735462678203, 'mse': 22.750376383930053, 'rmse': 5.723682555213844, 'mape': 3.1798236417854686}, {'round_number': 2, 'mae': 4.995770833883675, 'mse': 24.95772622468279, 'rmse': 5.99492500066041, 'mape': 3.3305138892557835}, {'round_number': 3, 'mae': 1.7598119293013292, 'mse': 3.0969380265112667, 'rmse': 2.111774315161595, 'mape': 1.1732079528675528}, {'round_number': 4, 'mae': 3.4749981988457086, 'mse': 12.075612481980919, 'rmse': 4.16999783861485, 'mape': 2.316665465897139}, {'round_number': 5, 'mae': 10.85770862811036, 'mse': 117.88983665294217, 'rmse': 13.029250353732433, 'mape': 7.2384724187402405}, {'round_number': 6, 'mae': 3.8818363329539185, 'mse': 15.068653315841125, 'rmse': 4.658203599544702, 'mape': 2.5878908886359455}, {'round_number': 7, 'mae': 2.7332546188385916, 'mse': 7.470680811402494, 'rmse': 3.27990554260631, 'mape': 1.8221697458923944}, {'round_number': 8, 'mae': 6.907514979434163, 'mse': 47.71376319110735, 'rmse': 8.289017975320995, 'mape': 4.605009986289442}]"
24db5662-346e-5aca-88f4-c475de4efc9d,f4e6159d-829b-480e-8080-47da0e9a32b3,0,2026-06-01 12:00:00,participant_24db5662@example.com,A,true,example.csv,42.0,6317,F,false,,false,"",0.0,Test City,8,[],[],[],26.83551509161384,724.9856860681518,26.925558231319027,17.890343394409225,"[{'round_number': 1, 'mae': 27.003523253472316, 'mse': 729.1902681008202, 'rmse': 32.40422790416678, 'mape': 18.00234883564821}, {'round_number': 2, 'mae': 25.732931136421406, 'mse': 662.1837448718063, 'rmse': 30.879517363705688, 'mape': 17.15528742428094}, {'round_number': 3, 'mae': 22.34603037524392, 'mse': 499.3450735313239, 'rmse': 26.815236450292705, 'mape': 14.897353583495947}, {'round_number': 4, 'mae': 29.8338689260013, 'mse': 890.059735093826, 'rmse': 35.80064271120156, 'mape': 19.889245950667533}, {'round_number': 5, 'mae': 27.558757042561595, 'mse': 759.4850897309383, 'rmse': 33.07050845107391, 'mape': 18.372504695041062}, {'round_number': 6, 'mae': 27.843414331103943, 'mse': 775.2557216135244, 'rmse': 33.412097197324734, 'mape': 18.562276220735964}, {'round_number': 7, 'mae': 25.37215438088936, 'mse': 643.7462179276831, 'rmse': 30.44658525706723, 'mape': 16.914769587259574}, {'round_number': 8, 'mae': 28.99344128721688, 'mse': 840.6196376752923, 'rmse': 34.792129544660256, 'mape': 19.328960858144587}]"
24db5662-346e-5aca-88f4-c475de4efc9d,8cee02a2-d1f5-4e8e-ace3-f15aedeb6c2c,1,2026-06-02 12:00:00,participant_24db5662@example.com,B,false,upload.csv,42.0,6317,M,false,,false,"",0.0,Test City,8,[],[],[],23.530256677014084,558.9430553095742,23.641976552512993,15.686837784676056,"[{'round_number': 1, 'mae': 22.63245726781105, 'mse': 512.2281219792932, 'rmse': 27.158948721373257, 'mape': 15.088304845207366}, {'round_number': 2, 'mae': 23.82163969078273, 'mse': 567.4705175574752, 'rmse': 28.585967628939276, 'mape': 15.881093127188487}, {'round_number': 3, 'mae': 20.925566939728473, 'mse': 437.87935174905726, 'rmse': 25.110680327674167, 'mape': 13.950377959818981}, {'round_number': 4, 'mae': 20.602041035648426, 'mse': 424.44409483454166, 'rmse': 24.72244924277811, 'mape': 13.734694023765618}, {'round_number': 5, 'mae': 28.25694488217308, 'mse': 798.4549340741675, 'rmse': 33.9083338586077, 'mape': 18.837963254782053}, {'round_number': 6, 'mae': 22.729035202657588, 'mse': 516.6090412436479, 'rmse': 27.274842243189106, 'mape': 15.15269013510506}, {'round_number': 7, 'mae': 25.12539038534042, 'mse': 631.2852420157568, 'rmse': 30.150468462408504, 'mape': 16.750260256893615}, {'round_number': 8, 'mae': 24.148978011970897, 'mse': 583.1731390226538, 'rmse': 28.978773614365075, 'mape': 16.099318674647265}]"
cd7c150a-e438-5424-8322-9d6930034ff2,3a3b84ed-d26a-4ff6-b6e7-6036d6c1ecba,0,2026-06-01 12:00:00,participant_cd7c150a@example.com,A,true,example.csv,68.0,294,F,true,0.7504964078558687,true,Type 1,22.933068159967945,Test City,8,[],[],[],10.889475071878355,124.69429760861955,11.166660091926303,7.259650047918903,"[{'round_number': 1, 'mae': 10.119035466310262, 'mse': 102.39487876844494, 'rmse': 12.142842559572314, 'mape': 6.746023644206841}, {'round_number': 2, 'mae': 13.581895755482828, 'mse': 184.46789231280246, 'rmse': 16.298274906579394, 'mape': 9.054597170321886}, {'round_number': 3, 'mae': 12.093903718626237, 'mse': 146.26250715540152, 'rmse': 14.512684462351483, 'mape': 8.062602479084157}, {'round_number': 4, 'mae': 11.200171597910801, 'mse': 125.44384382264778, 'rmse': 13.44020591749296, 'mape': 7.466781065273867}, {'round_number': 5, 'mae': 8.361656614667098, 'mse': 69.91730134160603, 'rmse': 10.033987937600516, 'mape': 5.574437743111399}, {'round_number': 6, 'mae': 5.906464634707427, 'mse': 34.886324481049535, 'rmse': 7.087757561648912, 'mape': 3.937643089804951}, {'round_number': 7, 'mae': 12.90096058993273, 'mse': 166.43478414299744, 'rmse': 15.481152707919275, 'mape': 8.600640393288487}, {'round_number': 8, 'mae': 12.951712197389451, 'mse': 167.74684884400668, 'rmse': 15.542054636867341, 'mape': 8.634474798259633}]"
cd7c150a-e438-5424-8322-9d6930034ff2,4a5b28c8-2c06-4eb9-be59-b1bd60913ff9,1,2026-06-02 12:00:00,participant_cd7c150a@example.com,B,false,upload.csv,68.0,294,M,true,0.7504964078558687,true,Type 1,22.933068159967945,Test City,8,[],[],[],10.001989262300327,106.31360750257831,10.31084901948323,6.667992841533551,"[{'round_number': 1, 'mae': 8.549383303932215, 'mse': 73.09195487755491, 'rmse': 10.259259964718657, 'mape': 5.699588869288143}, {'round_number': 2, 'mae': 10.597160026112789, 'mse': 112.29980061904281, 'rmse': 12.716592031335347, 'mape': 7.064773350741859}, {'round_number': 3, 'mae': 11.315837662958451, 'mse': 128.048182014429, 'rmse': 13.57900519555014, 'mape': 7.543891775305634}, {'round_number': 4, 'mae': 11.46506185929718, 'mse': 131.4476434375109, 'rmse': 13.758074231156614, 'mape': 7.643374572864786}, {'round_number': 5, 'mae': 11.735658921041647, 'mse': 137.7256903110244, 'rmse': 14.082790705249977, 'mape': 7.823772614027765}, {'round_number': 6, 'mae': 7.604655549318837, 'mse': 57.83078602378578, 'rmse': 9.125586659182604, 'mape': 5.069770366212558}, {'round_number': 7, 'mae': 13.516427449296387, 'mse': 182.69381099209284, 'rmse': 16.219712939155663, 'mape': 9.010951632864257}, {'round_number': 8, 'mae': 5.231729326445111, 'mse': 27.370991745185812, 'rmse': 6.278075191734133, 'mape': 3.487819550963407}]"
96dd45a6-e459-590d-ad77-39f903663483,8df7b5dc-b161-45c5-9ee8-04e96b3b7437,0,2026-06-01 12:00:00,participant_96dd45a6@example.com,A,true,example.csv,47.0,4616,F,true,6.977858029442111,false,"",0.0,Test City,8,[],[],[],18.61913661355385,360.32107803795617,18.982125224483063,12.412757742369232,"[{'round_number': 1, 'mae': 23.821610025636403, 'mse': 567.4691042135008, 'rmse': 28.585932030763683, 'mape': 15.881073350424268}, {'round_number': 2, 'mae': 22.637921524482138, 'mse': 512.4754909486117, 'rmse': 27.165505829378564, 'mape': 15.091947682988092}, {'round_number': 3, 'mae': 14.749054382778215, 'mse': 217.5346051861493, 'rmse': 17.698865259333857, 'mape': 9.832702921852144}, {'round_number': 4, 'mae': 13.11857036354262, 'mse': 172.09688838321875, 'rmse': 15.742284436251143, 'mape': 8.74571357569508}, {'round_number': 5, 'mae': 20.63525228150758, 'mse': 425.81363672146375, 'rmse': 24.762302737809094, 'mape': 13.756834854338386}, {'round_number': 6, 'mae': 15.139547856718421, 'mse': 229.20590930586732, 'rmse': 18.167457428062104, 'mape': 10.093031904478947}, {'round_number': 7, 'mae': 18.147368938403652, 'mse': 329.3269993865377, 'rmse': 21.776842726084382, 'mape': 12.098245958935768}, {'round_number': 8, 'mae': 20.703767535361774, 'mse': 428.64599015830015, 'rmse': 24.844521042434128, 'mape': 13.802511690241182}]"
6c82f07f-8da8-595e-aa01-8868eb51e7be,1bdcaf2f-b170-4307-a9cb-972ad0686b0f,0,2026-06-01 12:00:00,participant_6c82f07f@example.com,A,true,example.csv,35.0,5204,F,false,,true,Type 1,21.638826255509002,Test City,8,[],[],[],13.969831349823071,199.73769345465195,14.1328586441191,9.313220899882047,"[{'round_number': 1, 'mae': 15.05396292887679, 'mse': 226.6217998639967, 'rmse': 18.06475551465215, 'mape': 10.03597528591786}, {'round_number': 2, 'mae': 15.906976434333213, 'mse': 253.0318992824322, 'rmse': 19.088371721199856, 'mape': 10.604650956222143}, {'round_number': 3, 'mae': 13.209825320920718, 'mse': 174.49948500923816, 'rmse': 15.851790385104861, 'mape': 8.806550213947146}, {'round_number': 4, 'mae': 11.250888921206238, 'mse': 126.58250151732128, 'rmse': 13.501066705447485, 'mape': 7.500592614137492}, {'round_number': 5, 'mae': 15.291407590381594, 'mse': 233.8271460951798, 'rmse': 18.349689108457913, 'mape': 10.194271726921063}, {'round_number': 6, 'mae': 12.876246069874384, 'mse': 165.7977128519555, 'rmse': 15.45149528384926, 'mape': 8.584164046582922}, {'round_number': 7, 'mae': 10.860928175789237, 'mse': 117.95976083965252, 'rmse': 13.033113810947084, 'mape': 7.2406187838594915}, {'round_number': 8, 'mae': 17.30841535720239, 'mse': 299.5812421774395, 'rmse': 20.770098428642864, 'mape': 11.538943571468259}]"
6c82f07f-8da8-595e-aa01-8868eb51e7be,75f196c2-2c79-4573-bd58-3266552433da,1,2026-06-02 12:00:00,participant_6c82f07f@example.com,B,false,upload.csv,35.0,5204,M,false,,true,Type 1,21.638826255509002,Test City,8,[],[],[],12.859017095406866,167.86808652107067,12.956391724591791,8.572678063604577,"[{'round_number': 1, 'mae': 14.090624491858732, 'mse': 198.54569857056913, 'rmse': 16.908749390230476, 'mape': 9.393749661239154}, {'round_number': 2, 'mae': 15.4944059870237, 'mse': 240.07661689071588, 'rmse': 18.59328718442844, 'mape': 10.329603991349133}, {'round_number': 3, 'mae': 11.306935552847449, 'mse': 127.84679159624565, 'rmse': 13.568322663416938, 'mape': 7.537957035231632}, {'round_number': 4, 'mae': 12.300644001615286, 'mse': 151.30584285447412, 'rmse': 14.760772801938343, 'mape': 8.20042933441019}, {'round_number': 5, 'mae': 11.277691295464763, 'mse': 127.18632095580168, 'rmse': 13.533229554557716, 'mape': 7.518460863643175}, {'round_number': 6, 'mae': 11.614894775951115, 'mse': 134.90578065641648, 'rmse': 13.937873731141337, 'mape': 7.74326318396741}, {'round_number': 7, 'mae': 14.861044130373465, 'mse': 220.8506326449076, 'rmse': 17.833252956448156, 'mape': 9.90736275358231}, {'round_number': 8, 'mae': 11.925896528120422, 'mse': 142.22700799943473, 'rmse': 14.311075833744505, 'mape': 7.950597685413615}]"
f11edccb-9f9d-59e1-a8ba-456430f68dc3,672d4918-ec56-42ed-a216-9c4dbb917cea,0,2026-06-01 12:00:00,participant_f11edccb@example.com,A,true,example.csv,35.0,9521,F,true,0.5150877310181587,false,"",0.0,Test City,8,[],[],[],19.45633494554468,384.3742915237703,19.605465858371495,12.970889963696452,"[{'round_number': 1, 'mae': 15.974621471665174, 'mse': 255.18853116298598, 'rmse': 19.16954576599821, 'mape': 10.649747647776783}, {'round_number': 2, 'mae': 22.81669574277074, 'mse': 520.6016046181725, 'rmse': 27.380034891324886, 'mape': 15.211130495180493}, {'round_number': 3, 'mae': 19.884524723600347, 'mse': 395.39432348347344, 'rmse': 23.861429668320415, 'mape': 13.256349815733564}, {'round_number': 4, 'mae': 20.110899418872613, 'mse': 404.4482754360108, 'rmse': 24.133079302647136, 'mape': 13.40726627924841}, {'round_number': 5, 'mae': 15.80339714354577, 'mse': 249.74736127663058, 'rmse': 18.96407657225492, 'mape': 10.53559809569718}, {'round_number': 6, 'mae': 18.77240717109164, 'mse': 352.40327099725283, 'rmse': 22.526888605309967, 'mape': 12.514938114061094}, {'round_number': 7, 'mae': 22.382580399597465, 'mse': 500.9799053444446, 'rmse': 26.859096479516957, 'mape': 14.92172026639831}, {'round_number': 8, 'mae': 19.905553493213688, 'mse': 396.23105987119163, 'rmse': 23.886664191856426, 'mape': 13.270368995475792}]"
f11edccb-9f9d-59e1-a8ba-456430f68dc3,846ab30e-6333-4305-bd28-32adae3ccaec,1,2026-06-02 12:00:00,participant_f11edccb@example.com,B,false,upload.csv,35.0,9521,M,true,0.5150877310181587,false,"",0.0,Test City,8,[],[],[],15.598300377373116,259.88120630539515,16.120831439643403,10.398866918248745,"[{'round_number': 1, 'mae': 18.537446629524347, 'mse': 343.6369275424636, 'rmse': 22.244935955429217, 'mape': 12.358297753016231}, {'round_number': 2, 'mae': 17.422133476488924, 'mse': 303.53073487259604, 'rmse': 20.90656017178671, 'mape': 11.614755650992615}, {'round_number': 3, 'mae': 21.757992759249408, 'mse': 473.4102489115497, 'rmse': 26.10959131109929, 'mape': 14.505328506166272}, {'round_number': 4, 'mae': 18.229865817160064, 'mse': 332.328007711661, 'rmse': 21.875838980592075, 'mape': 12.153243878106709}, {'round_number': 5, 'mae': 11.693036500844363, 'mse': 136.7271026100786, 'rmse': 14.031643801013235, 'mape': 7.795357667229575}, {'round_number': 6, 'mae': 16.218065866867075, 'mse': 263.0256604620389, 'rmse': 19.46167904024049, 'mape': 10.812043911244716}, {'round_number': 7, 'mae': 12.387893697049819, 'mse': 153.45991024940662, 'rmse': 14.865472436459783, 'mape': 8.258595798033213}, {'round_number': 8, 'mae': 8.539968271800934, 'mse': 72.93105808336662, 'rmse': 10.24796192616112, 'mape': 5.693312181200622}]"
c9854998-0cba-5c97-bd28-7ad655b2d678,072bb0a1-d327-40b4-bd15-25c149464fd3,0,2026-06-01 12:00:00,participant_c9854998@example.com,A,true,example.csv,66.0,9972,F,true,9.082239209130666,true,Type 1,2.4975207774130483,Test City,8,[],[],[],7.387864074710429,56.00116663388788,7.483392722147347,4.92524271647362,"[{'round_number': 1, 'mae': 9.694133060865884, 'mse': 93.97621580177295, 'rmse': 11.63295967303906, 'mape': 6.462755373910589}, {'round_number': 2, 'mae': 6.775173240311253, 'mse': 45.90297243622969, 'rmse': 8.130207888373503, 'mape': 4.5167821602075025}, {'round_number': 3, 'mae': 6.44629109480203, 'mse': 41.55466887892395, 'rmse': 7.735549313762435, 'mape': 4.2975273965346865}, {'round_number': 4, 'mae': 6.141908003601687, 'mse': 37.723033924706456, 'rmse': 7.370289604322024, 'mape': 4.094605335734458}, {'round_number': 5, 'mae': 6.417494154781898, 'mse': 41.184231226659826, 'rmse': 7.700992985738277, 'mape': 4.278329436521266}, {'round_number': 6, 'mae': 8.718510310947254, 'mse': 76.01242204209358, 'rmse': 10.462212373136705, 'mape': 5.81234020729817}, {'round_number': 7, 'mae': 7.959995262184085, 'mse': 63.36152457399309, 'rmse': 9.551994314620902, 'mape': 5.306663508122724}, {'round_number': 8, 'mae': 6.9494074701893425, 'mse': 48.29426418672344, 'rmse': 8.33928896422721, 'mape': 4.632938313459562}]"
c9854998-0cba-5c97-bd28-7ad655b2d678,4f74b9a7-b080-4e8f-bd6a-b8ef13af3f99,1,2026-06-02 12:00:00,participant_c9854998@example.com,B,false,upload.csv,66.0,9972,M,true,9.082239209130666,true,Type 1,2.4975207774130483,Test City,8,[],[],[],3.230596711690228,15.474730516132517,3.933793400285851,2.1537311411268187,"[{'round_number': 1, 'mae': 1.0, 'mse': 1.0, 'rmse': 1.2, 'mape': 0.6666666666666666}, {'round_number': 2, 'mae': 5.636844173283035, 'mse': 31.774012233874902, 'rmse': 6.764213007939642, 'mape': 3.757896115522023}, {'round_number': 3, 'mae': 2.0507766445763718, 'mse': 4.205684845939922, 'rmse': 2.460931973491646, 'mape': 1.3671844297175813}, {'round_number': 4, 'mae': 7.38505490625529, 'mse': 54.53903596840533, 'rmse': 8.862065887506347, 'mape': 4.9233699375035265}, {'round_number': 5, 'mae': 1.0, 'mse': 1.0, 'rmse': 1.2, 'mape': 0.6666666666666666}, {'round_number': 6, 'mae': 3.6906549497270884, 'mse': 13.620933957945057, 'rmse': 4.428785939672506, 'mape': 2.4604366331513923}, {'round_number': 7, 'mae': 4.081443019680041, 'mse': 16.65817712289493, 'rmse': 4.897731623616049, 'mape': 2.7209620131200274}, {'round_number': 8, 'mae': 1.0, 'mse': 1.0, 'rmse': 1.2, 'mape': 0.6666666666666666}]"
b907b7fe-5e36-5207-a8b2-e885b7f00bc8,54494eaf-6fed-4246-ab7f-d31993931428,0,2026-06-01 12:00:00,participant_b907b7fe@example.com,A,true,example.csv,44.0,8,F,false,,false,"",0.0,Test City,8,[],[],[],27.86363046806545,785.4776012514824,28.02637331606575,18.575753645376967,"[{'round_number': 1, 'mae': 27.497135290598667, 'mse': 756.0924491894866, 'rmse': 32.9965623487184, 'mape': 18.331423527065777}, {'round_number': 2, 'mae': 31.203050072119485, 'mse': 973.6303338031958, 'rmse': 37.44366008654338, 'mape': 20.80203338141299}, {'round_number': 3, 'mae': 30.023914784436553, 'mse': 901.4354589831078, 'rmse': 36.02869774132386, 'mape': 20.01594318962437}, {'round_number': 4, 'mae': 21.04720818539014, 'mse': 442.9849723991537, 'rmse': 25.256649822468166, 'mape': 14.031472123593426}, {'round_number': 5, 'mae': 29.63908062425869, 'mse': 878.4751002513068, 'rmse': 35.56689674911043, 'mape': 19.759387082839126}, {'round_number': 6, 'mae': 28.70385433592617, 'mse': 823.9112537380676, 'rmse': 34.4446252031114, 'mape': 19.135902890617448}, {'round_number': 7, 'mae': 29.13753863584951, 'mse': 848.9961577556229, 'rmse': 34.96504636301941, 'mape': 19.425025757233005}, {'round_number': 8, 'mae': 25.65726181594438, 'mse': 658.2950838919176, 'rmse': 30.788714179133255, 'mape': 17.104841210629587}]"
07ea4241-2637-5c06-a5d7-136753577d07,2e1119fc-a07b-416a-bd87-30b4e9b08847,0,2026-06-01 12:00:00,participant_07ea4241@example.com,A,true,example.csv,33.0,689,F,true,9.030312442195447,true,Type 1,13.634941038294619,Test City,8,[],[],[],11.762862655455262,149.31875313479898,12.219605277372873,7.841908436970175,"[{'round_number': 1, 'mae': 15.267252102674506, 'mse': 233.08898676661914, 'rmse': 18.320702523209405, 'mape': 10.17816806844967}, {'round_number': 2, 'mae': 9.014598319650744, 'mse': 81.26298286465003, 'rmse': 10.817517983580894, 'mape': 6.009732213100496}, {'round_number': 3, 'mae': 9.512051194315532, 'mse': 90.47911792327955, 'rmse': 11.414461433178639, 'mape': 6.341367462877021}, {'round_number': 4, 'mae': 5.230077074924506, 'mse': 27.35370620965088, 'rmse': 6.2760924899094075, 'mape': 3.486718049949671}, {'round_number': 5, 'mae': 15.387659647792521, 'mse': 236.78006943630226, 'rmse': 18.465191577351025, 'mape': 10.258439765195014}, {'round_number': 6, 'mae': 13.57333921352497, 'mse': 184.23553740541468, 'rmse': 16.288007056229965, 'mape': 9.048892809016648}, {'round_number': 7, 'mae': 13.43088624247681, 'mse': 180.38870525835281, 'rmse': 16.11706349097217, 'mape': 8.953924161651207}, {'round_number': 8, 'mae': 12.687037448282497, 'mse': 160.96091921412247, 'rmse': 15.224444937938996, 'mape': 8.458024965521664}]"
07ea4241-2637-5c06-a5d7-136753577d07,964243c3-1ec0-4278-b1a2-7c94c923b6e4,1,2026-06-02 12:00:00,participant_07ea4241@example.com,B,false,upload.csv,33.0,689,M,true,9.030312442195447,true,Type 1,13.634941038294619,Test City,8,[],[],[],9.902397817623413,100.64167767192467,10.032032579289437,6.601598545082275,"[{'round_number': 1, 'mae': 9.507821801795965, 'mse': 90.39867541470666, 'rmse': 11.409386162155156, 'mape': 6.338547867863976}, {'round_number': 2, 'mae': 9.823842856351995, 'mse': 96.50788846629811, 'rmse': 11.788611427622394, 'mape': 6.54922857090133}, {'round_number': 3, 'mae': 8.421356268003084, 'mse': 70.91924139263483, 'rmse': 10.1056275216037, 'mape': 5.614237512002056}, {'round_number': 4, 'mae': 8.566574761636168, 'mse': 73.38620314670177, 'rmse': 10.279889713963401, 'mape': 5.711049841090779}, {'round_number': 5, 'mae': 9.340286873946091, 'mse': 87.24095888760965, 'rmse': 11.20834424873531, 'mape': 6.226857915964061}, {'round_number': 6, 'mae': 13.71286457349634, 'mse': 188.04265481105097, 'rmse': 16.455437488195606, 'mape': 9.141909715664227}, {'round_number': 7, 'mae': 10.844439744229243, 'mse': 117.60187336621881, 'rmse': 13.013327693075091, 'mape': 7.229626496152829}, {'round_number': 8, 'mae': 9.001995661528424, 'mse': 81.03592589017657, 'rmse': 10.80239479383411, 'mape': 6.00133044101895}]"
1fbae1dd-ba7b-552f-9a40-708f5e55fdee,e4e196b3-cb27-477f-b94f-6954adc0c254,0,2026-06-01 12:00:00,participant_1fbae1dd@example.com,A,true,example.csv,33.0,5895,F,true,5.153297001965308,false,"",0.0,Test City,8,[],[],[],14.138444470509777,202.73557193626328,14.23852421904262,9.425629647006518,"[{'round_number': 1, 'mae': 15.918749162248552, 'mse': 253.40657489058898, 'rmse': 19.102498994698262, 'mape': 10.612499441499034}, {'round_number': 2, 'mae': 14.601338924499204, 'mse': 213.1990983880956, 'rmse': 17.521606709399045, 'mape': 9.734225949666136}, {'round_number': 3, 'mae': 13.360141723109072, 'mse': 178.49338686155983, 'rmse': 16.032170067730885, 'mape': 8.906761148739381}, {'round_number': 4, 'mae': 11.071527014465657, 'mse': 122.57871043204283, 'rmse': 13.285832417358789, 'mape': 7.381018009643771}, {'round_number': 5, 'mae': 14.198102577157552, 'mse': 201.58611679148794, 'rmse': 17.03772309258906, 'mape': 9.465401718105035}, {'round_number': 6, 'mae': 17.01966135297784, 'mse': 289.66887257004754, 'rmse': 20.42359362357341, 'mape': 11.346440901985227}, {'round_number': 7, 'mae': 13.22107550905477, 'mse': 174.79683761612787, 'rmse': 15.865290610865724, 'mape': 8.814050339369848}, {'round_number': 8, 'mae': 13.71695950056556, 'mse': 188.15497794015576, 'rmse': 16.46035140067867, 'mape': 9.144639667043707}]"
1fbae1dd-ba7b-552f-9a40-708f5e55fdee,04f81a3e-4846-4284-836c-4432c5811110,1,2026-06-02 12:00:00,participant_1fbae1dd@example.com,B,false,upload.csv,33.0,5895,M,true,5.153297001965308,false,"",0.0,Test City,8,[],[],[],9.232702423043591,90.3506466182111,9.505295714401058,6.155134948695728,"[{'round_number': 1, 'mae': 9.358303729604334, 'mse': 87.57784869552638, 'rmse': 11.2299644755252, 'mape': 6.2388691530695555}, {'round_number': 2, 'mae': 10.350189887915775, 'mse': 107.12643071591397, 'rmse': 12.42022786549893, 'mape': 6.90012659194385}, {'round_number': 3, 'mae': 5.242374147684441, 'mse': 27.482486704310173, 'rmse': 6.290848977221329, 'mape': 3.494916098456294}, {'round_number': 4, 'mae': 9.315211728025995, 'mse': 86.77316953795304, 'rmse': 11.178254073631193, 'mape': 6.2101411520173295}, {'round_number': 5, 'mae': 7.458220229459053, 'mse': 55.62504899111225, 'rmse': 8.949864275350864, 'mape': 4.972146819639369}, {'round_number': 6, 'mae': 12.675161881609084, 'mse': 160.65972872499592, 'rmse': 15.2101942579309, 'mape': 8.450107921072723}, {'round_number': 7, 'mae': 7.709610754226689, 'mse': 59.43809798168781, 'rmse': 9.251532905072025, 'mape': 5.1397405028177925}, {'round_number': 8, 'mae': 11.752547025823354, 'mse': 138.12236159418936, 'rmse': 14.103056430988024, 'mape': 7.835031350548903}]"
ef7d6de6-222d-53ae-84b6-8473ef566621,ea3f3f08-7784-435b-a410-19b654f7cdb9,0,2026-06-01 12:00:00,participant_ef7d6de6@example.com,A,true,example.csv,56.0,5909,F,false,,true,Type 1,3.3605338849889135,Test City,8,[],[],[],19.969750330437567,406.0976704862053,20.151865186284997,13.313166886958378,"[{'round_number': 1, 'mae': 20.481683805890846, 'mse': 419.4993715244913, 'rmse': 24.578020567069014, 'mape': 13.654455870593898}, {'round_number': 2, 'mae': 19.90129994568548, 'mse': 396.0617395281409, 'rmse': 23.881559934822576, 'mape': 13.267533297123654}, {'round_number': 3, 'mae': 16.926537986493432, 'mse': 286.50768820820514, 'rmse': 20.311845583792117, 'mape': 11.284358657662288}, {'round_number': 4, 'mae': 21.290145275652705, 'mse': 453.2702858583972, 'rmse': 25.548174330783244, 'mape': 14.19343018376847}, {'round_number': 5, 'mae': 25.95393518893879, 'mse': 673.6067517916351, 'rmse': 31.144722226726547, 'mape': 17.302623459292526}, {'round_number': 6, 'mae': 19.133051042715394, 'mse': 366.07364220315264, 'rmse': 22.95966125125847, 'mape': 12.755367361810263}, {'round_number': 7, 'mae': 19.298758440318576, 'mse': 372.44207733776744, 'rmse': 23.15851012838229, 'mape': 12.865838960212384}, {'round_number': 8, 'mae': 16.77259095780531, 'mse': 281.31980743785243, 'rmse': 20.127109149366373, 'mape': 11.18172730520354}]"
ef7d6de6-222d-53ae-84b6-8473ef566621,73e897f6-3500-4062-86ea-bb4ab8a303e4,1,2026-06-02 12:00:00,participant_ef7d6de6@example.com,B,false,upload.csv,56.0,5909,M,false,,true,Type 1,3.3605338849889135,Test City,8,[],[],[],17.05923933532179,300.8258186197694,17.344331022549397,11.372826223547861,"[{'round_number': 1, 'mae': 17.564840648256133, 'mse': 308.52362699863096, 'rmse': 21.07780877790736, 'mape': 11.70989376550409}, {'round_number': 2, 'mae': 12.866646619073606, 'mse': 165.55059522011825, 'rmse': 15.439975942888326, 'mape': 8.577764412715737}, {'round_number': 3, 'mae': 13.28678222014204, 'mse': 176.53858176548263, 'rmse': 15.944138664170447, 'mape': 8.857854813428027}, {'round_number': 4, 'mae': 20.44657710872786, 'mse': 418.06251546315406, 'rmse': 24.53589253047343, 'mape': 13.631051405818573}, {'round_number': 5, 'mae': 13.891216115012558, 'mse': 192.96588515398457, 'rmse': 16.66945933801507, 'mape': 9.260810743341706}, {'round_number': 6, 'mae': 19.851648001190505, 'mse': 394.08792836317093, 'rmse': 23.821977601428603, 'mape': 13.234432000793669}, {'round_number': 7, 'mae': 21.18064930454491, 'mse': 448.6199049621188, 'rmse': 25.416779165453892, 'mape': 14.120432869696607}, {'round_number': 8, 'mae': 17.385554665626717, 'mse': 302.2575110314949, 'rmse': 20.86266559875206, 'mape': 11.590369777084478}]"
a0df6a88-fea1-5eb4-9a4b-d1292b730ec2,c654d9b4-64fb-41f0-85d3-66dc6892b817,0,2026-06-01 12:00:00,participant_a0df6a88@example.com,A,true,example.csv,74.0,7873,F,true,11.012622432686156,false,"",0.0,Test City,8,[],[],[],21.74116928530369,480.30170841585107,21.915786739605107,14.494112856869128,"[{'round_number': 1, 'mae': 20.624937410847803, 'mse': 425.3880432013893, 'rmse': 24.74992489301736, 'mape': 13.749958273898535}, {'round_number': 2, 'mae': 18.344261607323826, 'mse': 336.5119339179349, 'rmse': 22.01311392878859, 'mape': 12.229507738215885}, {'round_number': 3, 'mae': 22.52907604271169, 'mse': 507.55926733828585, 'rmse': 27.034891251254027, 'mape': 15.01938402847446}, {'round_number': 4, 'mae': 26.84138743442757, 'mse': 720.4600794050463, 'rmse': 32.209664921313085, 'mape': 17.89425828961838}, {'round_number': 5, 'mae': 25.282740945875247, 'mse': 639.2169897362368, 'rmse': 30.339289135050294, 'mape': 16.855160630583498}, {'round_number': 6, 'mae': 19.577681077418777, 'mse': 383.28559636912127, 'rmse': 23.493217292902532, 'mape': 13.051787384945852}, {'round_number': 7, 'mae': 19.837828650174863, 'mse': 393.5394455536986, 'rmse': 23.805394380209837, 'mape': 13.225219100116576}, {'round_number': 8, 'mae': 20.89144111364976, 'mse': 436.45231180509546, 'rmse': 25.06972933637971, 'mape': 13.92762740909984}]"
4789f043-26d7-52dd-9cd5-6c8434182d0f,0900d932-60ff-4424-b203-e0df6310ad78,0,2026-06-01 12:00:00,participant_4789f043@example.com,A,true,example.csv,27.0,8256,F,true,6.417858960590675,true,Type 1,7.013689503523077,Test City,8,[],[],[],13.09970159424935,179.196016823854,13.386411648528293,8.733134396166234,"[{'round_number': 1, 'mae': 12.447238677608228, 'mse': 154.93375069734623, 'rmse': 14.936686413129873, 'mape': 8.298159118405485}, {'round_number': 2, 'mae': 13.187537634065162, 'mse': 173.91114884988497, 'rmse': 15.825045160878194, 'mape': 8.791691756043441}, {'round_number': 3, 'mae': 12.315851391817532, 'mse': 151.68019550533384, 'rmse': 14.779021670181038, 'mape': 8.21056759454502}, {'round_number': 4, 'mae': 14.078323097399212, 'mse': 198.19918123476413, 'rmse': 16.893987716879053, 'mape': 9.385548731599474}, {'round_number': 5, 'mae': 18.180387822401073, 'mse': 330.52650137290925, 'rmse': 21.816465386881287, 'mape': 12.120258548267381}, {'round_number': 6, 'mae': 14.34367735672955, 'mse': 205.74108011395603, 'rmse': 17.21241282807546, 'mape': 9.562451571153034}, {'round_number': 7, 'mae': 12.735192141642715, 'mse': 162.18511888455836, 'rmse': 15.282230569971258, 'mape': 8.490128094428476}, {'round_number': 8, 'mae': 7.509404632331314, 'mse': 56.391157932079004, 'rmse': 9.011285558797576, 'mape': 5.006269754887543}]"
4789f043-26d7-52dd-9cd5-6c8434182d0f,4d4830a2-1ffb-4629-a9e4-d3eb00684b20,1,2026-06-02 12:00:00,participant_4789f043@example.com,B,false,upload.csv,27.0,8256,M,true,6.417858960590675,true,Type 1,7.013689503523077,Test City,8,[],[],[],8.13879835711279,75.89770948437376,8.711929148264106,5.425865571408527,"[{'round_number': 1, 'mae': 10.666987010418888, 'mse': 113.78461188044528, 'rmse': 12.800384412502664, 'mape': 7.111324673612592}, {'round_number': 2, 'mae': 3.663080517071661, 'mse': 13.418158874549986, 'rmse': 4.395696620485993, 'mape': 2.442053678047774}, {'round_number': 3, 'mae': 5.276013493904918, 'mse': 27.836318387866775, 'rmse': 6.331216192685901, 'mape': 3.5173423292699453}, {'round_number': 4, 'mae': 12.067033509779579, 'mse': 145.61329772614326, 'rmse': 14.480440211735495, 'mape': 8.04468900651972}, {'round_number': 5, 'mae': 11.621820932783276, 'mse': 135.06672179367953, 'rmse': 13.946185119339932, 'mape': 7.747880621855518}, {'round_number': 6, 'mae': 9.053298757326628, 'mse': 81.96221838941186, 'rmse': 10.863958508791953, 'mape': 6.035532504884419}, {'round_number': 7, 'mae': 4.373082433916636, 'mse': 19.12384997383025, 'rmse': 5.247698920699963, 'mape': 2.9153882892777574}, {'round_number': 8, 'mae': 8.389070201700733, 'mse': 70.37649884906317, 'rmse': 10.06688424204088, 'mape': 5.592713467800489}]"
99da4f2d-e8a5-584f-a1a3-d1c9a224451c,d813f540-f03f-4ecf-b706-955b559fe2eb,0,2026-06-01 12:00:00,participant_99da4f2d@example.com,A,true,example.csv,56.0,826,F,false,,false,"",0.0,Test City,8,[],[],[],19.006326838609542,370.72061765384194,19.254106514035957,12.670884559073029,"[{'round_number': 1, 'mae': 26.058238324418497, 'mse': 679.0317845721929, 'rmse': 31.269885989302196, 'mape': 17.372158882945666}, {'round_number': 2, 'mae': 19.93583819099987, 'mse': 397.437644377729, 'rmse': 23.923005829199845, 'mape': 13.290558793999914}, {'round_number': 3, 'mae': 16.947113343039554, 'mse': 287.2046506618293, 'rmse': 20.336536011647464, 'mape': 11.29807556202637}, {'round_number': 4, 'mae': 15.773392136226242, 'mse': 248.79989948316384, 'rmse': 18.92807056347149, 'mape': 10.51559475748416}, {'round_number': 5, 'mae': 19.116763884831084, 'mse': 365.45066142838203, 'rmse': 22.9401166617973, 'mape': 12.744509256554055}, {'round_number': 6, 'mae': 18.75466714659514, 'mse': 351.73753977957506, 'rmse': 22.505600575914166, 'mape': 12.503111431063425}, {'round_number': 7, 'mae': 15.830489248553487, 'mse': 250.60438984856756, 'rmse': 18.996587098264182, 'mape': 10.553659499035659}, {'round_number': 8, 'mae': 19.634112434212454, 'mse': 385.49837107929613, 'rmse': 23.560934921054944, 'mape': 13.089408289474969}]"
99da4f2d-e8a5-584f-a1a3-d1c9a224451c,c4499e3b-c346-4722-b779-bfd8bd194571,1,2026-06-02 12:00:00,participant_99da4f2d@example.com,B,false,upload.csv,56.0,826,M,false,,false,"",0.0,Test City,8,[],[],[],17.634212524744903,316.808696434371,17.79912066463877,11.75614168316327,"[{'round_number': 1, 'mae': 13.570902905465791, 'mse': 184.16940566957987, 'rmse': 16.28508348655895, 'mape': 9.047268603643861}, {'round_number': 2, 'mae': 20.359965284586277, 'mse': 414.52818638955836, 'rmse': 24.43195834150353, 'mape': 13.573310189724184}, {'round_number': 3, 'mae': 20.211595286762844, 'mse': 408.508584035894, 'rmse': 24.25391434411541, 'mape': 13.474396857841896}, {'round_number': 4, 'mae': 20.27789726528764, 'mse': 411.19311750155987, 'rmse': 24.333476718345164, 'mape': 13.518598176858426}, {'round_number': 5, 'mae': 15.601492057572791, 'mse': 243.4065544225069, 'rmse': 18.72179046908735, 'mape': 10.400994705048527}, {'round_number': 6, 'mae': 18.567205159352643, 'mse': 344.74110742949136, 'rmse': 22.28064619122317, 'mape': 12.378136772901762}, {'round_number': 7, 'mae': 16.627434953740305, 'mse': 276.47159314086485, 'rmse': 19.952921944488367, 'mape': 11.08495663582687}, {'round_number': 8, 'mae': 15.857207285190931, 'mse': 251.45102288551234, 'rmse': 19.028648742229116, 'mape': 10.571471523460621}]"
95b4ca26-959f-5c72-8641-233fab29e9d1,44ecbfed-0b32-4c69-aec7-a0a1c1456e35,0,2026-06-01 12:00:00,participant_95b4ca26@example.com,A,true,example.csv,40.0,1261,F,true,4.087322531887538,true,Type 1,15.117749515224972,Test City,8,[],[],[],14.244820379656858,209.72560749690706,14.481906210748193,9.496546919771239,"[{'round_number': 1, 'mae': 14.92394227684829, 'mse': 222.72405308269973, 'rmse': 17.908730732217947, 'mape': 9.949294851232194}, {'round_number': 2, 'mae': 17.27979888882778, 'mse': 298.5914496383338, 'rmse': 20.735758666593338, 'mape': 11.519865925885187}, {'round_number': 3, 'mae': 9.075270238417197, 'mse': 82.36052990030092, 'rmse': 10.890324286100636, 'mape': 6.050180158944798}, {'round_number': 4, 'mae': 11.922277502017739, 'mse': 142.14070083511834, 'rmse': 14.306733002421286, 'mape': 7.948185001345159}, {'round_number': 5, 'mae': 14.800672253860633, 'mse': 219.05989916619998, 'rmse': 17.76080670463276, 'mape': 9.867114835907088}, {'round_number': 6, 'mae': 15.45095208346214, 'mse': 238.73192028544304, 'rmse': 18.541142500154567, 'mape': 10.300634722308093}, {'round_number': 7, 'mae': 13.14344437226213, 'mse': 172.75012996674903, 'rmse': 15.772133246714555, 'mape': 8.762296248174753}, {'round_number': 8, 'mae': 17.362205421558965, 'mse': 301.4461771004115, 'rmse': 20.834646505870758, 'mape': 11.574803614372643}]"
95b4ca26-959f-5c72-8641-233fab29e9d1,caecd6b4-5319-464a-a242-ae73135d02bf,1,2026-06-02 12:00:00,participant_95b4ca26@example.com,B,false,upload.csv,40.0,1261,M,true,4.087322531887538,true,Type 1,15.117749515224972,Test City,8,[],[],[],12.422482749555858,164.42001521567408,12.82263682772284,8.281655166370571,"[{'round_number': 1, 'mae': 13.285331452202952, 'mse': 176.500031794893, 'rmse': 15.942397742643541, 'mape': 8.856887634801968}, {'round_number': 2, 'mae': 9.01400021923046, 'mse': 81.25219995228679, 'rmse': 10.816800263076553, 'mape': 6.0093334794869735}, {'round_number': 3, 'mae': 9.861855307742104, 'mse': 97.2561901108411, 'rmse': 11.834226369290525, 'mape': 6.574570205161403}, {'round_number': 4, 'mae': 15.070559817197907, 'mse': 227.12177320374022, 'rmse': 18.08467178063749, 'mape': 10.047039878131939}, {'round_number': 5, 'mae': 14.04564100508222, 'mse': 197.2800312436471, 'rmse': 16.854769206098663, 'mape': 9.363760670054814}, {'round_number': 6, 'mae': 6.956962918694237, 'mse': 48.39933305208664, 'rmse': 8.348355502433083, 'mape': 4.637975279129491}, {'round_number': 7, 'mae': 16.697283547301268, 'mse': 278.79927785897763, 'rmse': 20.036740256761522, 'mape': 11.131522364867513}, {'round_number': 8, 'mae': 14.448227728995702, 'mse': 208.7512845089203, 'rmse': 17.33787327479484, 'mape': 9.632151819330469}]"
9d13697f-1909-59bc-89d2-b2fa80afc9e6,ba1e37b8-472a-4440-9242-48e70cf87364,0,2026-06-01 12:00:00,participant_9d13697f@example.com,A,true,example.csv,70.0,9105,F,true,2.6666414127964546,false,"",0.0,Test City,8,[],[],[],16.50537011970521,287.7628560743775,16.96357438968502,11.003580079803472,"[{'round_number': 1, 'mae': 13.019168656327125, 'mse': 169.49875250189064, 'rmse': 15.62300238759255, 'mape': 8.67944577088475}, {'round_number': 2, 'mae': 24.009328620976746, 'mse': 576.4478608300531, 'rmse': 28.811194345172094, 'mape': 16.006219080651164}, {'round_number': 3, 'mae': 15.872177234359636, 'mse': 251.92601015892433, 'rmse': 19.04661268123156, 'mape': 10.581451489573091}, {'round_number': 4, 'mae': 21.16113948682692, 'mse': 447.7938243809454, 'rmse': 25.393367384192302, 'mape': 14.107426324551279}, {'round_number': 5, 'mae': 14.456662556419243, 'mse': 208.99509227017415, 'rmse': 17.347995067703092, 'mape': 9.637775037612828}, {'round_number': 6, 'mae': 16.890063487580385, 'mse': 285.27424461449607, 'rmse': 20.26807618509646, 'mape': 11.26004232505359}, {'round_number': 7, 'mae': 11.384482450870841, 'mse': 129.60644067418616, 'rmse': 13.66137894104501, 'mape': 7.5896549672472275}, {'round_number': 8, 'mae': 15.249938464280774, 'mse': 232.56062316435026, 'rmse': 18.299926157136927, 'mape': 10.16662564285385}]"
a68c516b-1607-5eb7-b2fa-181a956a001e,f4272f5a-3d27-4776-bdc0-bd184ff7a03b,0,2026-06-01 12:00:00,participant_a68c516b@example.com,A,true,example.csv,71.0,431,F,false,,true,Type 1,2.576568420975911,Test City,8,[],[],[],20.121533971993557,405.8375353036498,20.145409782470296,13.414355981329038,"[{'round_number': 1, 'mae': 18.770572141639292, 'mse': 352.3343785244851, 'rmse': 22.524686569967148, 'mape': 12.513714761092862}, {'round_number': 2, 'mae': 20.39763310231504, 'mse': 416.06343617665834, 'rmse': 24.477159722778048, 'mape': 13.598422068210027}, {'round_number': 3, 'mae': 20.52522788647582, 'mse': 421.2849797917647, 'rmse': 24.630273463770987, 'mape': 13.683485257650547}, {'round_number': 4, 'mae': 21.753866902764553, 'mse': 473.23072522319507, 'rmse': 26.104640283317462, 'mape': 14.502577935176369}, {'round_number': 5, 'mae': 20.293993018762784, 'mse': 411.8461526455926, 'rmse': 24.35279162251534, 'mape': 13.529328679175189}, {'round_number': 6, 'mae': 19.420561214178452, 'mse': 377.15819787365245, 'rmse': 23.304673457014143, 'mape': 12.947040809452302}, {'round_number': 7, 'mae': 20.98866180904761, 'mse': 440.52392453457367, 'rmse': 25.18639417085713, 'mape': 13.99244120603174}, {'round_number': 8, 'mae': 18.821755700764914, 'mse': 354.25848765927657, 'rmse': 22.586106840917896, 'mape': 12.547837133843275}]"
a68c516b-1607-5eb7-b2fa-181a956a001e,ad51c111-d725-4326-ad80-fb3883e06b67,1,2026-06-02 12:00:00,participant_a68c516b@example.com,B,false,upload.csv,71.0,431,M,false,,true,Type 1,2.576568420975911,Test City,8,[],[],[],17.63710650926722,317.75110488165615,17.82557446147686,11.758071006178147,"[{'round_number': 1, 'mae': 14.80141042726448, 'mse': 219.08175063633368, 'rmse': 17.761692512717374, 'mape': 9.867606951509654}, {'round_number': 2, 'mae': 18.525460697671637, 'mse': 343.19269406097646, 'rmse': 22.230552837205963, 'mape': 12.350307131781092}, {'round_number': 3, 'mae': 21.318612821857418, 'mse': 454.4832526482635, 'rmse': 25.582335386228902, 'mape': 14.212408547904944}, {'round_number': 4, 'mae': 14.081875029841616, 'mse': 198.2992043560768, 'rmse': 16.898250035809937, 'mape': 9.387916686561077}, {'round_number': 5, 'mae': 18.680514599585592, 'mse': 348.96162570533045, 'rmse': 22.41661751950271, 'mape': 12.453676399723728}, {'round_number': 6, 'mae': 16.720121560789824, 'mse': 279.56246500758874, 'rmse': 20.064145872947787, 'mape': 11.146747707193216}, {'round_number': 7, 'mae': 15.738553833789641, 'mse': 247.70207677909463, 'rmse': 18.88626460054757, 'mape': 10.492369222526428}, {'round_number': 8, 'mae': 21.23030310333757, 'mse': 450.72576985958483, 'rmse': 25.476363724005083, 'mape': 14.153535402225046}]"
958734e9-ff69-5872-bc03-4a178943ec98,a8746322-ab65-4122-8433-0a50b2cfab9d,0,2026-06-01 12:00:00,participant_958734e9@example.com,A,true,example.csv,59.0,5180,F,true,5.696630855607146,false,"",0.0,Test City,8,[],[],[],22.45505156463182,507.1815758126713,22.52069216992833,14.970034376421212,"[{'round_number': 1, 'mae': 23.874060370894156, 'mse': 569.9707585930988, 'rmse': 28.648872445072985, 'mape': 15.916040247262771}, {'round_number': 2, 'mae': 22.03270537034505, 'mse': 485.44010593643156, 'rmse': 26.439246444414056, 'mape': 14.6884702468967}, {'round_number': 3, 'mae': 20.45248896263757, 'mse': 418.30430476681164, 'rmse': 24.542986755165085, 'mape': 13.63499264175838}, {'round_number': 4, 'mae': 24.477579517749916, 'mse': 599.1518990477703, 'rmse': 29.373095421299897, 'mape': 16.318386345166612}, {'round_number': 5, 'mae': 22.249606670792236, 'mse': 495.04499700496234, 'rmse': 26.699528004950682, 'mape': 14.833071113861491}, {'round_number': 6, 'mae': 24.5241861321576, 'mse': 601.4357054447111, 'rmse': 29.429023358589117, 'mape': 16.349457421438398}, {'round_number': 7, 'mae': 22.57267986836567, 'mse': 509.5258764397209, 'rmse': 27.087215842038805, 'mape': 15.048453245577115}, {'round_number': 8, 'mae': 19.457105624112344, 'mse': 378.5789592678642, 'rmse': 23.348526748934813, 'mape': 12.97140374940823}]"
958734e9-ff69-5872-bc03-4a178943ec98,844b5248-7bab-40f6-a1d7-24f76dc13049,1,2026-06-02 12:00:00,participant_958734e9@example.com,B,false,upload.csv,59.0,5180,M,true,5.696630855607146,false,"",0.0,Test City,8,[],[],[],17.61796834279538,316.8216480328095,17.799484487838672,11.745312228530253,"[{'round_number': 1, 'mae': 18.13268009757419, 'mse': 328.79408752096316, 'rmse': 21.75921611708903, 'mape': 12.088453398382795}, {'round_number': 2, 'mae': 18.594753335689333, 'mse': 345.7648516151296, 'rmse': 22.313704002827198, 'mape': 12.396502223792888}, {'round_number': 3, 'mae': 21.314276688784506, 'mse': 454.2983907660626, 'rmse': 25.577132026541406, 'mape': 14.209517792523004}, {'round_number': 4, 'mae': 15.720080805135378, 'mse': 247.12094051998577, 'rmse': 18.864096966162453, 'mape': 10.480053870090252}, {'round_number': 5, 'mae': 18.320898267338997, 'mse': 335.65531332218507, 'rmse': 21.985077920806795, 'mape': 12.213932178225997}, {'round_number': 6, 'mae': 13.273251636450796, 'mse': 176.17920900454374, 'rmse': 15.927901963740954, 'mape': 8.84883442430053}, {'round_number': 7, 'mae': 20.39336700817086, 'mse': 415.88941792995166, 'rmse': 24.47204040980503, 'mape': 13.595578005447239}, {'round_number': 8, 'mae': 15.194438903218977, 'mse': 230.8709735836543, 'rmse': 18.23332668386277, 'mape': 10.129625935479318}]"
0ca17936-814f-5b96-bfc1-d6042d8c2767,907cc0f5-6a39-48b0-bc75-dcebfc8a8771,0,2026-06-01 12:00:00,participant_0ca17936@example.com,A,true,example.csv,60.0,6467,F,true,4.7996211658056795,true,Type 1,1.3425476561455387,Test City,8,[],[],[],15.695582726817214,249.66673273633563,15.800845950022284,10.463721817878143,"[{'round_number': 1, 'mae': 14.037402463742003, 'mse': 197.04866792907006, 'rmse': 16.8448829564904, 'mape': 9.358268309161335}, {'round_number': 2, 'mae': 15.071684546747441, 'mse': 227.15567507666563, 'rmse': 18.08602145609693, 'mape': 10.047789697831627}, {'round_number': 3, 'mae': 13.913019280881276, 'mse': 193.57210551017414, 'rmse': 16.69562313705753, 'mape': 9.275346187254184}, {'round_number': 4, 'mae': 18.43979288491104, 'mse': 340.02596163841577, 'rmse': 22.127751461893247, 'mape': 12.29319525660736}, {'round_number': 5, 'mae': 14.879406884773827, 'mse': 221.39674924265475, 'rmse': 17.855288261728592, 'mape': 9.919604589849218}, {'round_number': 6, 'mae': 15.136965010526678, 'mse': 229.12770972990893, 'rmse': 18.164358012632015, 'mape': 10.091310007017785}, {'round_number': 7, 'mae': 19.051425415954217, 'mse': 362.9568103796663, 'rmse': 22.861710499145058, 'mape': 12.70095027730281}, {'round_number': 8, 'mae': 15.034965327001231, 'mse': 226.05018238412924, 'rmse': 18.041958392401476, 'mape': 10.023310218000821}]"
0ca17936-814f-5b96-bfc1-d6042d8c2767,a0070e48-d9fc-4f9e-9773-5f4b0e6836cb,1,2026-06-02 12:00:00,participant_0ca17936@example.com,B,false,upload.csv,60.0,6467,M,true,4.7996211658056795,true,Type 1,1.3425476561455387,Test City,8,[],[],[],13.296214815924158,187.11284092519867,13.678919581794414,8.864143210616104,"[{'round_number': 1, 'mae': 15.281692083176013, 'mse': 233.53011292500443, 'rmse': 18.338030499811214, 'mape': 10.187794722117342}, {'round_number': 2, 'mae': 11.069196274187718, 'mse': 122.52710615649126, 'rmse': 13.28303552902526, 'mape': 7.3794641827918115}, {'round_number': 3, 'mae': 10.34693624718798, 'mse': 107.05908970337248, 'rmse': 12.416323496625575, 'mape': 6.8979574981253196}, {'round_number': 4, 'mae': 8.47700392226108, 'mse': 71.85959549802973, 'rmse': 10.172404706713296, 'mape': 5.6513359481740535}, {'round_number': 5, 'mae': 19.566960150569034, 'mse': 382.86592953395655, 'rmse': 23.48035218068284, 'mape': 13.044640100379356}, {'round_number': 6, 'mae': 13.022574693440857, 'mse': 169.58745164624625, 'rmse': 15.627089632129028, 'mape': 8.681716462293904}, {'round_number': 7, 'mae': 14.715151893679135, 'mse': 216.53569525404862, 'rmse': 17.65818227241496, 'mape': 9.810101262452756}, {'round_number': 8, 'mae': 13.890203262891449, 'mse': 192.93774668444024, 'rmse': 16.668243915469738, 'mape': 9.2601355085943}]"
c71cb322-40c8-56ca-8291-03122e9f14d1,c9cf111d-eeb8-44bc-a2c3-e4180513628d,0,2026-06-01 12:00:00,participant_c71cb322@example.com,A,true,example.csv,58.0,905,F,false,,false,"",0.0,Test City,8,[],[],[],21.729041170819244,484.94199260707325,22.021398516149542,14.486027447212829,"[{'round_number': 1, 'mae': 28.36449814563715, 'mse': 804.5447550538534, 'rmse': 34.03739777476458, 'mape': 18.909665430424766}, {'round_number': 2, 'mae': 19.52306725515761, 'mse': 381.1501550494073, 'rmse': 23.427680706189133, 'mape': 13.015378170105073}, {'round_number': 3, 'mae': 17.96746070973452, 'mse': 322.82964435585376, 'rmse': 21.560952851681424, 'mape': 11.978307139823015}, {'round_number': 4, 'mae': 19.603968022575987, 'mse': 384.31556223018185, 'rmse': 23.524761627091184, 'mape': 13.069312015050658}, {'round_number': 5, 'mae': 18.635719998753416, 'mse': 347.290059871938, 'rmse': 22.3628639985041, 'mape': 12.423813332502277}, {'round_number': 6, 'mae': 24.88073318547488, 'mse': 619.0508838467911, 'rmse': 29.856879822569855, 'mape': 16.587155456983254}, {'round_number': 7, 'mae': 25.100981656642322, 'mse': 630.0592801270943, 'rmse': 30.121177987970785, 'mape': 16.73398777109488}, {'round_number': 8, 'mae': 19.755900392578074, 'mse': 390.2956003214665, 'rmse': 23.707080471093686, 'mape': 13.170600261718716}]"
306f346c-3024-5166-8801-19d4c8ada5dd,bae652f2-75a0-488e-afb2-078adfc50378,0,2026-06-01 12:00:00,participant_306f346c@example.com,A,true,example.csv,27.0,7441,F,true,5.605189015573563,true,Type 1,19.31381217887362,Test City,8,[],[],[],4.436412056039316,29.275039332755647,5.410641305127854,2.957608037359544,"[{'round_number': 1, 'mae': 1.772734317654244, 'mse': 3.142586960989058, 'rmse': 2.1272811811850927, 'mape': 1.1818228784361626}, {'round_number': 2, 'mae': 8.121101439623823, 'mse': 65.95228859266012, 'rmse': 9.745321727548587, 'mape': 5.414067626415882}, {'round_number': 3, 'mae': 1.7662281773697437, 'mse': 3.1195619745348466, 'rmse': 2.1194738128436925, 'mape': 1.1774854515798292}, {'round_number': 4, 'mae': 4.143752518352478, 'mse': 17.170684933352508, 'rmse': 4.972503022022974, 'mape': 2.762501678901652}, {'round_number': 5, 'mae': 1.0, 'mse': 1.0, 'rmse': 1.2, 'mape': 0.6666666666666666}, {'round_number': 6, 'mae': 2.0682264485057082, 'mse': 4.277560642298535, 'rmse': 2.48187173820685, 'mape': 1.3788176323371388}, {'round_number': 7, 'mae': 9.157517489138355, 'mse': 83.86012656387484, 'rmse': 10.989020986966025, 'mape': 6.10501165942557}, {'round_number': 8, 'mae': 7.461736057670176, 'mse': 55.677504994335266, 'rmse': 8.954083269204212, 'mape': 4.974490705113451}]"
306f346c-3024-5166-8801-19d4c8ada5dd,45e1885d-e6d9-4e85-835d-8bc02cf51190,1,2026-06-02 12:00:00,participant_306f346c@example.com,B,false,upload.csv,27.0,7441,M,true,5.605189015573563,true,Type 1,19.31381217887362,Test City,8,[],[],[],1.8734720990817704,4.115592575502535,2.0286923314052663,1.248981399387847,"[{'round_number': 1, 'mae': 1.794995543547973, 'mse': 3.222009001357083, 'rmse': 2.1539946522575675, 'mape': 1.1966636956986487}, {'round_number': 2, 'mae': 1.0, 'mse': 1.0, 'rmse': 1.2, 'mape': 0.6666666666666666}, {'round_number': 3, 'mae': 1.0, 'mse': 1.0, 'rmse': 1.2, 'mape': 0.6666666666666666}, {'round_number': 4, 'mae': 1.8190298642970473, 'mse': 3.308869647204534, 'rmse': 2.1828358371564565, 'mape': 1.2126865761980314}, {'round_number': 5, 'mae': 2.907290242241106, 'mse': 8.45233655263035, 'rmse': 3.488748290689327, 'mape': 1.938193494827404}, {'round_number': 6, 'mae': 2.747836926496548, 'mse': 7.550607774617995, 'rmse': 3.2974043117958574, 'mape': 1.831891284331032}, {'round_number': 7, 'mae': 2.7186242160714893, 'mse': 7.390917628210319, 'rmse': 3.262349059285787, 'mape': 1.8124161440476596}, {'round_number': 8, 'mae': 1.0, 'mse': 1.0, 'rmse': 1.2, 'mape': 0.6666666666666666}]"
4b398b43-fe6a-5773-b961-b088241b5b56,c219df15-2bb8-4ada-b57e-c40bbb198816,0,2026-06-01 12:00:00,participant_4b398b43@example.com,A,true,example.csv,44.0,1478,F,true,6.391161920606955,false,"",0.0,Test City,8,[],[],[],15.706259215774885,253.21782437274715,15.912819497900022,10.470839477183256,"[{'round_number': 1, 'mae': 21.88904207667388, 'mse': 479.13016303439963, 'rmse': 26.266850492008658, 'mape': 14.592694717782587}, {'round_number': 2, 'mae': 15.877874632863419, 'mse': 252.10690285692766, 'rmse': 19.053449559436103, 'mape': 10.585249755242279}, {'round_number': 3, 'mae': 13.989923860089133, 'mse': 195.71796961109123, 'rmse': 16.78790863210696, 'mape': 9.326615906726088}, {'round_number': 4, 'mae': 16.0938953243309, 'mse': 259.01346671052005, 'rmse': 19.31267438919708, 'mape': 10.729263549553934}, {'round_number': 5, 'mae': 14.465977887853484, 'mse': 209.26451625186593, 'rmse': 17.35917346542418, 'mape': 9.64398525856899}, {'round_number': 6, 'mae': 14.061540266378046, 'mse': 197.72691466297115, 'rmse': 16.873848319653654, 'mape': 9.374360177585364}, {'round_number': 7, 'mae': 16.112891257850368, 'mse': 259.6252646873108, 'rmse': 19.33546950942044, 'mape': 10.741927505233578}, {'round_number': 8, 'mae': 13.158928420159848, 'mse': 173.15739716689055, 'rmse': 15.790714104191817, 'mape': 8.772618946773232}]"
4b398b43-fe6a-5773-b961-b088241b5b56,1e445d1f-3f5b-4018-859f-ea5cf07bcd20,1,2026-06-02 12:00:00,participant_4b398b43@example.com,B,false,upload.csv,44.0,1478,M,true,6.391161920606955,false,"",0.0,Test City,8,[],[],[],13.766673768855949,191.55940787850105,13.840498830551631,9.177782512570632,"[{'round_number': 1, 'mae': 16.294490600781025, 'mse': 265.51042393894113, 'rmse': 19.553388720937228, 'mape': 10.862993733854017}, {'round_number': 2, 'mae': 14.164423699763741, 'mse': 200.63089874642876, 'rmse': 16.997308439716488, 'mape': 9.442949133175828}, {'round_number': 3, 'mae': 15.22619526789583, 'mse': 231.83702233609338, 'rmse': 18.271434321474995, 'mape': 10.150796845263887}, {'round_number': 4, 'mae': 13.927350239403959, 'mse': 193.9710846910255, 'rmse': 16.71282028728475, 'mape': 9.284900159602639}, {'round_number': 5, 'mae': 12.294407005558735, 'mse': 151.15244361833172, 'rmse': 14.753288406670482, 'mape': 8.196271337039157}, {'round_number': 6, 'mae': 11.632291668069417, 'mse': 135.31020945103717, 'rmse': 13.9587500016833, 'mape': 7.754861112046278}, {'round_number': 7, 'mae': 13.76434233434235, 'mse': 189.45711989696903, 'rmse': 16.51721080121082, 'mape': 9.1762282228949}, {'round_number': 8, 'mae': 12.829889335032536, 'mse': 164.60606034918163, 'rmse': 15.395867202039042, 'mape': 8.553259556688358}]"
60850c00-ea05-5057-81ab-24bb66bc85a6,872f0c13-d92c-4701-b1c2-473c069f6b0e,0,2026-06-01 12:00:00,participant_60850c00@example.com,A,true,example.csv,63.0,4919,F,false,,true,Type 1,18.881327068477585,Test City,8,[],[],[],7.967768098745766,68.08452926555495,8.251334998989858,5.311845399163844,"[{'round_number': 1, 'mae': 5.689992696615174, 'mse': 32.376016887534014, 'rmse': 6.8279912359382084, 'mape': 3.793328464410116}, {'round_number': 2, 'mae': 7.8691410714796035, 'mse': 61.92338120284716, 'rmse': 9.442969285775524, 'mape': 5.246094047653069}, {'round_number': 3, 'mae': 8.835513120383903, 'mse': 78.06629210047609, 'rmse': 10.602615744460683, 'mape': 5.890342080255935}, {'round_number': 4, 'mae': 3.492754114303512, 'mse': 12.199331302984112, 'rmse': 4.191304937164214, 'mape': 2.328502742869008}, {'round_number': 5, 'mae': 9.99309629161739, 'mse': 99.86197349353722, 'rmse': 11.991715549940867, 'mape': 6.662064194411593}, {'round_number': 6, 'mae': 10.17152399718045, 'mse': 103.45990042521777, 'rmse': 12.20582879661654, 'mape': 6.7810159981203}, {'round_number': 7, 'mae': 9.244501367763426, 'mse': 85.46080553857986, 'rmse': 11.093401641316111, 'mape': 6.163000911842285}, {'round_number': 8, 'mae': 8.445622130622663, 'mse': 71.3285331732633, 'rmse': 10.134746556747196, 'mape': 5.630414753748442}]"
60850c00-ea05-5057-81ab-24bb66bc85a6,0c85062c-639f-4763-b825-caa9651d342b,1,2026-06-02 12:00:00,participant_60850c00@example.com,B,false,upload.csv,63.0,4919,M,false,,true,Type 1,18.881327068477585,Test City,8,[],[],[],6.600753892502406,45.76372017343493,6.76488877761009,4.400502595001604,"[{'round_number': 1, 'mae': 6.569729360802304, 'mse': 43.16134387418785, 'rmse': 7.883675232962765, 'mape': 4.379819573868203}, {'round_number': 2, 'mae': 4.760921935293554, 'mse': 22.666377673959325, 'rmse': 5.713106322352265, 'mape': 3.1739479568623694}, {'round_number': 3, 'mae': 6.881439231940289, 'mse': 47.354205902886946, 'rmse': 8.257727078328346, 'mape': 4.587626154626859}, {'round_number': 4, 'mae': 6.032704930582139, 'mse': 36.39352877947005, 'rmse': 7.239245916698566, 'mape': 4.02180328705476}, {'round_number': 5, 'mae': 7.965596519188921, 'mse': 63.45072790651465, 'rmse': 9.558715823026704, 'mape': 5.310397679459281}, {'round_number': 6, 'mae': 4.078132072492153, 'mse': 16.631161200689142, 'rmse': 4.893758486990583, 'mape': 2.7187547149947684}, {'round_number': 7, 'mae': 8.397310068160156, 'mse': 70.51481638082392, 'rmse': 10.076772081792187, 'mape': 5.59820671210677}, {'round_number': 8, 'mae': 8.120197021559735, 'mse': 65.93759966894758, 'rmse': 9.744236425871682, 'mape': 5.413464681039823}]"
05af1ed0-c319-5eca-8766-d0dc15b5b317,428111bb-2187-4914-9b6e-742212588302,0,2026-06-01 12:00:00,participant_05af1ed0@example.com,A,true,example.csv,61.0,9869,F,true,3.381754627424391,false,"",0.0,Test City,8,[],[],[],15.676553299996705,250.3993905494879,15.824013098752411,10.451035533331137,"[{'round_number': 1, 'mae': 10.896673736303491, 'mse': 118.73749851544628, 'rmse': 13.07600848356419, 'mape': 7.264449157535661}, {'round_number': 2, 'mae': 17.271838871120448, 'mse': 298.31641798994724, 'rmse': 20.726206645344536, 'mape': 11.514559247413631}, {'round_number': 3, 'mae': 16.619591255256204, 'mse': 276.2108134917885, 'rmse': 19.943509506307443, 'mape': 11.079727503504136}, {'round_number': 4, 'mae': 16.740607734288933, 'mse': 280.2479473133344, 'rmse': 20.08872928114672, 'mape': 11.160405156192622}, {'round_number': 5, 'mae': 17.04041663398311, 'mse': 290.37579905972825, 'rmse': 20.44849996077973, 'mape': 11.36027775598874}, {'round_number': 6, 'mae': 13.929545636906536, 'mse': 194.0322416506619, 'rmse': 16.71545476428784, 'mape': 9.286363757937691}, {'round_number': 7, 'mae': 15.112098681780779, 'mse': 228.37552656788037, 'rmse': 18.134518418136935, 'mape': 10.07473245452052}, {'round_number': 8, 'mae': 17.801653850334134, 'mse': 316.8988798071161, 'rmse': 21.36198462040096, 'mape': 11.86776923355609}]"
be385662-36ee-589a-9193-93addd8a4912,e93a3408-c155-4e24-b89d-8539a6336a86,0,2026-06-01 12:00:00,participant_be385662@example.com,A,true,example.csv,36.0,36,F,true,7.284102651895308,true,Type 1,16.751058948029286,Test City,8,[],[],[],10.537877464449085,124.47923824285748,11.15702640683697,7.025251642966057,"[{'round_number': 1, 'mae': 14.754263035698887, 'mse': 217.68827772659054, 'rmse': 17.705115642838663, 'mape': 9.836175357132591}, {'round_number': 2, 'mae': 12.42688270287763, 'mse': 154.42741371107925, 'rmse': 14.912259243453157, 'mape': 8.284588468585087}, {'round_number': 3, 'mae': 7.05221274575773, 'mse': 49.73370461142778, 'rmse': 8.462655294909275, 'mape': 4.701475163838487}, {'round_number': 4, 'mae': 14.552882999254374, 'mse': 211.78640358998697, 'rmse': 17.46345959910525, 'mape': 9.701921999502916}, {'round_number': 5, 'mae': 11.283484646411011, 'mse': 127.31702576579303, 'rmse': 13.540181575693213, 'mape': 7.522323097607341}, {'round_number': 6, 'mae': 4.127689612369418, 'mse': 17.037821536062392, 'rmse': 4.953227534843301, 'mape': 2.751793074912945}, {'round_number': 7, 'mae': 12.856870765891927, 'mse': 165.29912589084645, 'rmse': 15.42824491907031, 'mape': 8.571247177261284}, {'round_number': 8, 'mae': 7.248733207331704, 'mse': 52.54413311107338, 'rmse': 8.698479848798044, 'mape': 4.832488804887803}]"
be385662-36ee-589a-9193-93addd8a4912,77893373-1e83-4f45-be39-a69c74b05dab,1,2026-06-02 12:00:00,participant_be385662@example.com,B,false,upload.csv,36.0,36,M,true,7.284102651895308,true,Type 1,16.751058948029286,Test City,8,[],[],[],10.799915570808047,126.48484888042117,11.246548309611317,7.199943713872031,"[{'round_number': 1, 'mae': 5.980600486678004, 'mse': 35.767582181253175, 'rmse': 7.176720584013604, 'mape': 3.987066991118669}, {'round_number': 2, 'mae': 7.9650455501416335, 'mse': 63.44195061583104, 'rmse': 9.55805466016996, 'mape': 5.310030366761089}, {'round_number': 3, 'mae': 13.687695760911843, 'mse': 187.35301524328406, 'rmse': 16.42523491309421, 'mape': 9.125130507274562}, {'round_number': 4, 'mae': 8.757386164728013, 'mse': 76.69181243816962, 'rmse': 10.508863397673615, 'mape': 5.838257443152009}, {'round_number': 5, 'mae': 10.682896990473338, 'mse': 114.12428810906431, 'rmse': 12.819476388568006, 'mape': 7.121931326982225}, {'round_number': 6, 'mae': 15.113826118519883, 'mse': 228.4277399408538, 'rmse': 18.13659134222386, 'mape': 10.075884079013255}, {'round_number': 7, 'mae': 14.652011515230567, 'mse': 214.68144144244914, 'rmse': 17.58241381827668, 'mape': 9.768007676820378}, {'round_number': 8, 'mae': 9.559861979781097, 'mse': 91.39096107246415, 'rmse': 11.471834375737316, 'mape': 6.373241319854064}]"
f31c4362-7004-5607-85dd-d3668cffde05,17cba68d-930d-4e53-9646-68609d6a08fb,0,2026-06-01 12:00:00,participant_f31c4362@example.com,A,true,example.csv,20.0,3320,F,false,,false,"",0.0,Test City,8,[],[],[],21.459341928979285,463.6478694193819,21.532484051297516,14.306227952652856,"[{'round_number': 1, 'mae': 18.950541689213182, 'mse': 359.1230303146068, 'rmse': 22.740650027055818, 'mape': 12.633694459475455}, {'round_number': 2, 'mae': 22.309990954596266, 'mse': 497.73569639416723, 'rmse': 26.77198914551552, 'mape': 14.873327303064178}, {'round_number': 3, 'mae': 22.221108197186894, 'mse': 493.77764951108657, 'rmse': 26.66532983662427, 'mape': 14.814072131457928}, {'round_number': 4, 'mae': 21.364630605279835, 'mse': 456.4474409000598, 'rmse': 25.637556726335802, 'mape': 14.243087070186556}, {'round_number': 5, 'mae': 24.018320884449732, 'mse': 576.8797381083941, 'rmse': 28.821985061339678, 'mape': 16.012213922966488}, {'round_number': 6, 'mae': 18.71681187265841, 'mse': 350.31904667648683, 'rmse': 22.460174247190093, 'mape': 12.477874581772275}, {'round_number': 7, 'mae': 20.86568635120756, 'mse': 435.3768669069695, 'rmse': 25.038823621449072, 'mape': 13.910457567471708}, {'round_number': 8, 'mae': 23.22764487724239, 'mse': 539.5234865432847, 'rmse': 27.87317385269087, 'mape': 15.485096584828261}]"
f31c4362-7004-5607-85dd-d3668cffde05,90203ebf-d497-4200-93d6-c0a969a90dba,1,2026-06-02 12:00:00,participant_f31c4362@example.com,B,false,upload.csv,20.0,3320,M,false,,false,"",0.0,Test City,8,[],[],[],17.153730334844397,300.89095316422856,17.346208610651164,11.435820223229598,"[{'round_number': 1, 'mae': 18.88984841114281, 'mse': 356.82637299595456, 'rmse': 22.667818093371373, 'mape': 12.593232274095207}, {'round_number': 2, 'mae': 20.350248019656313, 'mse': 414.1325944615257, 'rmse': 24.420297623587576, 'mape': 13.566832013104209}, {'round_number': 3, 'mae': 18.32847191275424, 'mse': 335.932882656621, 'rmse': 21.994166295305085, 'mape': 12.218981275169492}, {'round_number': 4, 'mae': 16.20920302566856, 'mse': 262.7382627273428, 'rmse': 19.45104363080227, 'mape': 10.806135350445707}, {'round_number': 5, 'mae': 18.223987473246254, 'mse': 332.1137194250364, 'rmse': 21.868784967895504, 'mape': 12.149324982164169}, {'round_number': 6, 'mae': 14.12962510330673, 'mse': 199.6463055599957, 'rmse': 16.955550123968074, 'mape': 9.419750068871153}, {'round_number': 7, 'mae': 12.219032697829677, 'mse': 149.3047600706308, 'rmse': 14.662839237395612, 'mape': 8.146021798553118}, {'round_number': 8, 'mae': 18.879426035150587, 'mse': 356.43272741672183, 'rmse': 22.655311242180705, 'mape': 12.586284023433725}]"
f335f6a6-8070-5c4a-a0eb-4e1e772cc8e3,7f461404-48bc-4b91-990b-d5b14de2e481,0,2026-06-01 12:00:00,participant_f335f6a6@example.com,A,true,example.csv,38.0,8767,F,true,3.0966150443860756,true,Type 1,19.780700370608947,Test City,8,[],[],[],8.57073491735838,81.68231817007253,9.037827071264006,5.71382327823892,"[{'round_number': 1, 'mae': 6.7411564835424995, 'mse': 45.443190735607075, 'rmse': 8.089387780250998, 'mape': 4.494104322361666}, {'round_number': 2, 'mae': 2.5687478083651287, 'mse': 6.598465302980652, 'rmse': 3.0824973700381544, 'mape': 1.7124985389100857}, {'round_number': 3, 'mae': 8.329172381341355, 'mse': 69.37511255809962, 'rmse': 9.995006857609626, 'mape': 5.5527815875609035}, {'round_number': 4, 'mae': 12.025705692251082, 'mse': 144.61759739664006, 'rmse': 14.430846830701297, 'mape': 8.017137128167388}, {'round_number': 5, 'mae': 10.476785993343723, 'mse': 109.76304475032323, 'rmse': 12.572143192012467, 'mape': 6.9845239955624825}, {'round_number': 6, 'mae': 7.53095299875509, 'mse': 56.715253069458285, 'rmse': 9.037143598506107, 'mape': 5.020635332503393}, {'round_number': 7, 'mae': 9.289164912801608, 'mse': 86.2885847772245, 'rmse': 11.14699789536193, 'mape': 6.192776608534405}, {'round_number': 8, 'mae': 11.604193068466536, 'mse': 134.6572967702468, 'rmse': 13.925031682159842, 'mape': 7.736128712311024}]"
f335f6a6-8070-5c4a-a0eb-4e1e772cc8e3,3a359d3d-82c7-4c8e-894e-32f13db778be,1,2026-06-02 12:00:00,participant_f335f6a6@example.com,B,false,upload.csv,38.0,8767,M,true,3.0966150443860756,true,Type 1,19.780700370608947,Test City,8,[],[],[],6.325513237504276,46.52366426555744,6.820825775927534,4.217008825002851,"[{'round_number': 1, 'mae': 1.0, 'mse': 1.0, 'rmse': 1.2, 'mape': 0.6666666666666666}, {'round_number': 2, 'mae': 4.762216794194762, 'mse': 22.678708794910637, 'rmse': 5.714660153033714, 'mape': 3.1748111961298413}, {'round_number': 3, 'mae': 6.765426876158989, 'mse': 45.77100081665437, 'rmse': 8.118512251390786, 'mape': 4.510284584105992}, {'round_number': 4, 'mae': 7.182212310317199, 'mse': 51.58417367047192, 'rmse': 8.618654772380639, 'mape': 4.788141540211466}, {'round_number': 5, 'mae': 10.238017055644764, 'mse': 104.8169932316731, 'rmse': 12.285620466773716, 'mape': 6.825344703763176}, {'round_number': 6, 'mae': 8.540963471904117, 'mse': 72.94805702840043, 'rmse': 10.24915616628494, 'mape': 5.693975647936078}, {'round_number': 7, 'mae': 6.073514938853416, 'mse': 36.88758371247561, 'rmse': 7.288217926624099, 'mape': 4.049009959235611}, {'round_number': 8, 'mae': 6.041754452960955, 'mse': 36.50279686987353, 'rmse': 7.2501053435531455, 'mape': 4.02783630197397}]"
4f6b62c7-7382-54d7-b70c-6fe777fee19b,dc446787-79d1-497a-b8cc-bdb1dbb0c2f9,0,2026-06-01 12:00:00,participant_4f6b62c7@example.com,A,true,example.csv,18.0,7548,F,true,7.375560169595389,false,"",0.0,Test City,8,[],[],[],16.006247644538636,261.50150597987414,16.171008193055687,10.670831763025758,"[{'round_number': 1, 'mae': 16.61118496242809, 'mse': 275.93146585599715, 'rmse': 19.933421954913708, 'mape': 11.074123308285394}, {'round_number': 2, 'mae': 19.76480359787775, 'mse': 390.6474612626813, 'rmse': 23.7177643174533, 'mape': 13.1765357319185}, {'round_number': 3, 'mae': 13.414666035997255, 'mse': 179.95326485733833, 'rmse': 16.097599243196704, 'mape': 8.943110690664836}, {'round_number': 4, 'mae': 13.74726588520289, 'mse': 188.9873193184632, 'rmse': 16.496719062243468, 'mape': 9.164843923468593}, {'round_number': 5, 'mae': 14.487908534555519, 'mse': 209.89949370564665, 'rmse': 17.385490241466623, 'mape': 9.658605689703679}, {'round_number': 6, 'mae': 17.92207903521665, 'mse': 321.2009169445522, 'rmse': 21.50649484225998, 'mape': 11.948052690144435}, {'round_number': 7, 'mae': 13.80152804242503, 'mse': 190.4821763058445, 'rmse': 16.561833650910035, 'mape': 9.20101869495002}, {'round_number': 8, 'mae': 18.300545062605917, 'mse': 334.9099495884698, 'rmse': 21.9606540751271, 'mape': 12.20036337507061}]"
ac06954d-5526-51a9-81c6-349ca517268b,fd778c30-56d9-482b-8dce-87682d7901e3,0,2026-06-01 12:00:00,participant_ac06954d@example.com,A,true,example.csv,27.0,4289,F,false,,true,Type 1,9.993477856515621,Test City,8,[],[],[],15.07414750970641,236.27326497261515,15.371182939924147,10.049431673137606,"[{'round_number': 1, 'mae': 18.84409882571539, 'mse': 355.1000605533281, 'rmse': 22.612918590858467, 'mape': 12.562732550476925}, {'round_number': 2, 'mae': 11.179984620425856, 'mse': 124.99205611295866, 'rmse': 13.415981544511027, 'mape': 7.453323080283904}, {'round_number': 3, 'mae': 12.962964817346878, 'mse': 168.03845685577298, 'rmse': 15.555557780816253, 'mape': 8.641976544897918}, {'round_number': 4, 'mae': 16.71887513110994, 'mse': 279.52078564964637, 'rmse': 20.062650157331927, 'mape': 11.145916754073292}, {'round_number': 5, 'mae': 13.732236757123108, 'mse': 188.57432635368298, 'rmse': 16.47868410854773, 'mape': 9.154824504748738}, {'round_number': 6, 'mae': 11.141034367837623, 'mse': 124.12264678533906, 'rmse': 13.369241241405147, 'mape': 7.427356245225082}, {'round_number': 7, 'mae': 18.82375761085099, 'mse': 354.3338505920706, 'rmse': 22.588509133021187, 'mape': 12.549171740567326}, {'round_number': 8, 'mae': 17.190227947241496, 'mse': 295.5039368781226, 'rmse': 20.628273536689793, 'mape': 11.460151964827665}]"
ac06954d-5526-51a9-81c6-349ca517268b,126dcb54-7831-4fd7-bceb-75b98d53e31c,1,2026-06-02 12:00:00,participant_ac06954d@example.com,B,false,upload.csv,27.0,4289,M,false,,true,Type 1,9.993477856515621,Test City,8,[],[],[],10.984917468490673,125.59105704871699,11.206741589271923,7.3232783123271155,"[{'round_number': 1, 'mae': 12.336196911842011, 'mse': 152.18175424774037, 'rmse': 14.803436294210412, 'mape': 8.22413127456134}, {'round_number': 2, 'mae': 9.430327271921483, 'mse': 88.93107245554607, 'rmse': 11.316392726305779, 'mape': 6.286884847947655}, {'round_number': 3, 'mae': 13.943479777761732, 'mse': 194.42062831285037, 'rmse': 16.73217573331408, 'mape': 9.295653185174489}, {'round_number': 4, 'mae': 10.136784431978407, 'mse': 102.7543986203998, 'rmse': 12.164141318374089, 'mape': 6.757856287985605}, {'round_number': 5, 'mae': 14.145970254728626, 'mse': 200.10847444766708, 'rmse': 16.97516430567435, 'mape': 9.430646836485751}, {'round_number': 6, 'mae': 8.121668968431901, 'mse': 65.96150683278971, 'rmse': 9.746002762118282, 'mape': 5.414445978954601}, {'round_number': 7, 'mae': 8.294258078208365, 'mse': 68.79471706792472, 'rmse': 9.953109693850038, 'mape': 5.529505385472244}, {'round_number': 8, 'mae': 11.470654053052858, 'mse': 131.57590440481795, 'rmse': 13.76478486366343, 'mape': 7.647102702035238}]"
8890f64e-27b8-52bb-9f2e-3b3cb14a7303,428b73ee-7e54-42ab-ba6c-fea0da99d03b,0,2026-06-01 12:00:00,participant_8890f64e@example.com,A,true,example.csv,57.0,2500,F,true,8.917492030796911,false,"",0.0,Test City,8,[],[],[],18.91951510167135,367.33434843730254,19.165968497242776,12.6130100677809,"[{'round_number': 1, 'mae': 15.365893795567262, 'mse': 236.11069213665246, 'rmse': 18.439072554680713, 'mape': 10.24392919704484}, {'round_number': 2, 'mae': 18.353404251991858, 'mse': 336.8474476370328, 'rmse': 22.024085102390227, 'mape': 12.235602834661238}, {'round_number': 3, 'mae': 17.08097438459446, 'mse': 291.75968592717203, 'rmse': 20.49716926151335, 'mape': 11.387316256396305}, {'round_number': 4, 'mae': 20.8823059366877, 'mse': 436.07070123342237, 'rmse': 25.05876712402524, 'mape': 13.921537291125134}, {'round_number': 5, 'mae': 16.237148499621945, 'mse': 263.6449913987752, 'rmse': 19.484578199546334, 'mape': 10.82476566641463}, {'round_number': 6, 'mae': 16.817288162737917, 'mse': 282.82118114856485, 'rmse': 20.1807457952855, 'mape': 11.211525441825279}, {'round_number': 7, 'mae': 21.768518165285563, 'mse': 473.86838311236755, 'rmse': 26.122221798342675, 'mape': 14.512345443523708}, {'round_number': 8, 'mae': 24.8505876168841, 'mse': 617.5517049044333, 'rmse': 29.820705140260916, 'mape': 16.567058411256067}]"
8890f64e-27b8-52bb-9f2e-3b3cb14a7303,2de85f7c-6937-4ec2-92ba-0b04039ae944,1,2026-06-02 12:00:00,participant_8890f64e@example.com,B,false,upload.csv,57.0,2500,M,true,8.917492030796911,false,"",0.0,Test City,8,[],[],[],17.273676205196892,305.3989088382169,17.475666191542366,11.515784136797928,"[{'round_number': 1, 'mae': 22.039894642946003, 'mse': 485.7569558721599, 'rmse': 26.4478735715352, 'mape': 14.693263095297334}, {'round_number': 2, 'mae': 16.232537685244022, 'mse': 263.4952797028674, 'rmse': 19.479045222292825, 'mape': 10.821691790162681}, {'round_number': 3, 'mae': 16.69943277146687, 'mse': 278.8710548887417, 'rmse': 20.039319325760243, 'mape': 11.132955180977914}, {'round_number': 4, 'mae': 20.64324463711018, 'mse': 426.14354914757814, 'rmse': 24.771893564532213, 'mape': 13.762163091406785}, {'round_number': 5, 'mae': 15.669564231528303, 'mse': 245.53524320599118, 'rmse': 18.803477077833964, 'mape': 10.446376154352203}, {'round_number': 6, 'mae': 13.113821238850097, 'mse': 171.97230748451588, 'rmse': 15.736585486620115, 'mape': 8.74254749256673}, {'round_number': 7, 'mae': 16.39349544257109, 'mse': 268.7466928255991, 'rmse': 19.672194531085307, 'mape': 10.928996961714061}, {'round_number': 8, 'mae': 17.39741899185859, 'mse': 302.67018757828197, 'rmse': 20.876902790230307, 'mape': 11.598279327905727}]"
c11ced8b-9eb7-5b87-9da7-359c7e5962a0,ef440e4d-4799-4996-90a3-5e83e959a45c,0,2026-06-01 12:00:00,participant_c11ced8b@example.com,A,true,example.csv,42.0,5659,F,true,11.628992047316697,true,Type 1,11.602182876546838,Test City,8,[],[],[],10.736533686496301,118.11836530531185,10.868227330402684,7.157689124330868,"[{'round_number': 1, 'mae': 10.845751609167271, 'mse': 117.63032796775445, 'rmse': 13.014901931000725, 'mape': 7.230501072778181}, {'round_number': 2, 'mae': 11.907468939294128, 'mse': 141.78781654025443, 'rmse': 14.288962727152954, 'mape': 7.938312626196086}, {'round_number': 3, 'mae': 13.127215523564741, 'mse': 172.32378740211914, 'rmse': 15.75265862827769, 'mape': 8.751477015709828}, {'round_number': 4, 'mae': 10.26508449014019, 'mse': 105.37195958971668, 'rmse': 12.318101388168227, 'mape': 6.84338966009346}, {'round_number': 5, 'mae': 12.765939987722417, 'mse': 162.9692237701302, 'rmse': 15.3191279852669, 'mape': 8.51062665848161}, {'round_number': 6, 'mae': 8.599612009918083, 'mse': 73.95332672112733, 'rmse': 10.3195344119017, 'mape': 5.733074673278722}, {'round_number': 7, 'mae': 10.184650809246577, 'mse': 103.72711210628695, 'rmse': 12.221580971095891, 'mape': 6.789767206164385}, {'round_number': 8, 'mae': 8.196546122917, 'mse': 67.18336834510572, 'rmse': 9.8358553475004, 'mape': 5.464364081944667}]"
c11ced8b-9eb7-5b87-9da7-359c7e5962a0,df6155f2-f438-40e6-88de-bef1d2fb1c7d,1,2026-06-02 12:00:00,participant_c11ced8b@example.com,B,false,upload.csv,42.0,5659,M,true,11.628992047316697,true,Type 1,11.602182876546838,Test City,8,[],[],[],9.300012399220593,92.72397318427228,9.629328802376222,6.200008266147062,"[{'round_number': 1, 'mae': 13.498206300784885, 'mse': 182.20157333854877, 'rmse': 16.19784756094186, 'mape': 8.998804200523256}, {'round_number': 2, 'mae': 10.021654967498161, 'mse': 100.43356828758057, 'rmse': 12.025985960997794, 'mape': 6.681103311665441}, {'round_number': 3, 'mae': 7.884982188808236, 'mse': 62.172944117823114, 'rmse': 9.461978626569882, 'mape': 5.256654792538824}, {'round_number': 4, 'mae': 9.045789257503696, 'mse': 81.82630329116927, 'rmse': 10.854947109004435, 'mape': 6.0305261716691305}, {'round_number': 5, 'mae': 9.437719209529309, 'mse': 89.07054387791852, 'rmse': 11.32526305143517, 'mape': 6.291812806352873}, {'round_number': 6, 'mae': 12.204464025674163, 'mse': 148.9489421539748, 'rmse': 14.645356830808995, 'mape': 8.136309350449443}, {'round_number': 7, 'mae': 5.315996117143427, 'mse': 28.259814717483987, 'rmse': 6.379195340572112, 'mape': 3.543997411428951}, {'round_number': 8, 'mae': 6.991287126822877, 'mse': 48.878095689679284, 'rmse': 8.389544552187452, 'mape': 4.660858084548585}]"
589b67fc-7519-5f5a-8ebc-43704be5db06,cdec36f4-5fc9-4c9c-8296-3942c3d50791,0,2026-06-01 12:00:00,participant_589b67fc@example.com,A,true,example.csv,44.0,1614,F,false,,false,"",0.0,Test City,8,[],[],[],22.257430269741555,500.77439778208526,22.377989136249155,14.83828684649437,"[{'round_number': 1, 'mae': 23.354607671365994, 'mse': 545.4376994834273, 'rmse': 28.02552920563919, 'mape': 15.569738447577329}, {'round_number': 2, 'mae': 20.153215956377178, 'mse': 406.1521133843757, 'rmse': 24.183859147652612, 'mape': 13.435477304251451}, {'round_number': 3, 'mae': 22.623569741002527, 'mse': 511.8259078260051, 'rmse': 27.14828368920303, 'mape': 15.082379827335018}, {'round_number': 4, 'mae': 26.65987950266102, 'mse': 710.7491750964052, 'rmse': 31.991855403193224, 'mape': 17.773253001774012}, {'round_number': 5, 'mae': 19.78633921344384, 'mse': 391.49921946946534, 'rmse': 23.743607056132607, 'mape': 13.190892808962559}, {'round_number': 6, 'mae': 19.38833096147733, 'mse': 375.9073774717804, 'rmse': 23.265997153772794, 'mape': 12.92555397431822}, {'round_number': 7, 'mae': 24.123401623435697, 'mse': 581.9385058855801, 'rmse': 28.948081948122834, 'mape': 16.082267748957133}, {'round_number': 8, 'mae': 21.97009748816884, 'mse': 482.68518363964273, 'rmse': 26.364116985802607, 'mape': 14.646731658779226}]"
df73db18-9147-5705-b763-a96a97cc64ae,be3febfb-18b0-46fd-97eb-21fed2c1d6c4,0,2026-06-01 12:00:00,participant_df73db18@example.com,A,true,example.csv,41.0,9272,F,true,1.4628954129134828,true,Type 1,14.199792933016287,Test City,8,[],[],[],18.44269424683995,349.4017869346444,18.69229217979016,12.2951294978933,"[{'round_number': 1, 'mae': 21.17610561569852, 'mse': 448.42744904721843, 'rmse': 25.411326738838223, 'mape': 14.117403743799015}, {'round_number': 2, 'mae': 13.0414534845277, 'mse': 170.0795089890997, 'rmse': 15.64974418143324, 'mape': 8.694302323018468}, {'round_number': 3, 'mae': 21.036365481748433, 'mse': 442.528672681697, 'rmse': 25.243638578098118, 'mape': 14.024243654498955}, {'round_number': 4, 'mae': 18.54091033958084, 'mse': 343.7653562203757, 'rmse': 22.249092407497006, 'mape': 12.360606893053893}, {'round_number': 5, 'mae': 20.424953218741475, 'mse': 417.17871398777777, 'rmse': 24.50994386248977, 'mape': 13.616635479160983}, {'round_number': 6, 'mae': 21.1706143367951, 'mse': 448.1949113973143, 'rmse': 25.40473720415412, 'mape': 14.113742891196734}, {'round_number': 7, 'mae': 18.099360796931983, 'mse': 327.5868612575183, 'rmse': 21.71923295631838, 'mape': 12.066240531287988}, {'round_number': 8, 'mae': 14.051790700695555, 'mse': 197.4528218961541, 'rmse': 16.862148840834667, 'mape': 9.36786046713037}]"
df73db18-9147-5705-b763-a96a97cc64ae,eeb11ed4-9bc5-44ec-83c0-d78a171fb862,1,2026-06-02 12:00:00,participant_df73db18@example.com,B,false,upload.csv,41.0,9272,M,true,1.4628954129134828,true,Type 1,14.199792933016287,Test City,8,[],[],[],13.494416616689122,190.40262000282192,13.79864558581102,8.996277744459414,"[{'round_number': 1, 'mae': 15.531420939592264, 'mse': 241.22503640280505, 'rmse': 18.637705127510717, 'mape': 10.354280626394843}, {'round_number': 2, 'mae': 12.203646287048374, 'mse': 148.92898269938956, 'rmse': 14.644375544458047, 'mape': 8.135764191365583}, {'round_number': 3, 'mae': 13.43721496619654, 'mse': 180.5587460477763, 'rmse': 16.124657959435847, 'mape': 8.958143310797693}, {'round_number': 4, 'mae': 12.614267712086976, 'mse': 159.11974991219998, 'rmse': 15.13712125450437, 'mape': 8.409511808057983}, {'round_number': 5, 'mae': 13.403074478603996, 'mse': 179.64240547900576, 'rmse': 16.083689374324795, 'mape': 8.935382985735997}, {'round_number': 6, 'mae': 7.499234372571735, 'mse': 56.23851617476138, 'rmse': 8.999081247086082, 'mape': 4.9994895817144895}, {'round_number': 7, 'mae': 18.078638626064112, 'mse': 326.8371745718173, 'rmse': 21.694366351276933, 'mape': 12.052425750709409}, {'round_number': 8, 'mae': 15.18783555134898, 'mse': 230.67034873481998, 'rmse': 18.225402661618777, 'mape': 10.125223700899321}]"
3f8e90e5-e3f5-5da1-9d90-9d97cc349c75,8427b6a3-d05f-47d3-8f52-e82225ea2181,0,2026-06-01 12:00:00,participant_3f8e90e5@example.com,A,true,example.csv,57.0,718,F,true,4.372620087299586,false,"",0.0,Test City,8,[],[],[],22.359498279633613,505.7375535586222,22.488609418072567,14.906332186422409,"[{'round_number': 1, 'mae': 19.763010516798182, 'mse': 390.5765846870756, 'rmse': 23.715612620157817, 'mape': 13.175340344532122}, {'round_number': 2, 'mae': 22.488658733181154, 'mse': 505.73977161748496, 'rmse': 26.986390479817384, 'mape': 14.992439155454102}, {'round_number': 3, 'mae': 21.549605841629777, 'mse': 464.3855119296042, 'rmse': 25.85952700995573, 'mape': 14.366403894419852}, {'round_number': 4, 'mae': 23.664695354884913, 'mse': 560.0178062395115, 'rmse': 28.397634425861895, 'mape': 15.776463569923274}, {'round_number': 5, 'mae': 25.409263218517843, 'mse': 645.6306573079237, 'rmse': 30.49111586222141, 'mape': 16.939508812345228}, {'round_number': 6, 'mae': 19.163757483250194, 'mse': 367.2496008768278, 'rmse': 22.99650897990023, 'mape': 12.775838322166797}, {'round_number': 7, 'mae': 26.197745764344567, 'mse': 686.3218831332338, 'rmse': 31.437294917213478, 'mape': 17.465163842896377}, {'round_number': 8, 'mae': 20.639249324462277, 'mse': 425.97861267731656, 'rmse': 24.76709918935473, 'mape': 13.759499549641518}]"
3f8e90e5-e3f5-5da1-9d90-9d97cc349c75,a46631bd-4b3f-44d5-b27f-14708f80c56b,1,2026-06-02 12:00:00,participant_3f8e90e5@example.com,B,false,upload.csv,57.0,718,M,true,4.372620087299586,false,"",0.0,Test City,8,[],[],[],20.018643194782165,403.5923981433019,20.089609208327122,13.345762129854776,"[{'round_number': 1, 'mae': 22.05952648656905, 'mse': 486.62270881164153, 'rmse': 26.47143178388286, 'mape': 14.706350991046035}, {'round_number': 2, 'mae': 20.838957262638072, 'mse': 434.26213979405605, 'rmse': 25.006748715165685, 'mape': 13.892638175092047}, {'round_number': 3, 'mae': 20.226536980591284, 'mse': 409.1127982272268, 'rmse': 24.27184437670954, 'mape': 13.484357987060855}, {'round_number': 4, 'mae': 20.948301530345077, 'mse': 438.8313370062579, 'rmse': 25.137961836414092, 'mape': 13.965534353563385}, {'round_number': 5, 'mae': 19.54809665097394, 'mse': 382.1280826758185, 'rmse': 23.457715981168725, 'mape': 13.032064433982626}, {'round_number': 6, 'mae': 19.330016367956496, 'mse': 373.649532785466, 'rmse': 23.196019641547796, 'mape': 12.886677578637665}, {'round_number': 7, 'mae': 16.119161525562355, 'mse': 259.8273682871697, 'rmse': 19.342993830674825, 'mape': 10.746107683708237}, {'round_number': 8, 'mae': 21.07854875362103, 'mse': 444.3052175587786, 'rmse': 25.294258504345233, 'mape': 14.052365835747352}]"
4fd1ab98-1b33-539c-87bf-dd49212c8734,5b0a739b-6fcf-4abc-bd52-afe960bed6f9,0,2026-06-01 12:00:00,participant_4fd1ab98@example.com,A,true,example.csv,52.0,4822,F,false,,true,Type 1,9.234493268895518,Test City,8,[],[],[],21.87322338190173,481.6284123713152,21.94603409209316,14.582148921267821,"[{'round_number': 1, 'mae': 19.87265602360548, 'mse': 394.9224574325431, 'rmse': 23.847187228326575, 'mape': 13.24843734907032}, {'round_number': 2, 'mae': 26.230348760494227, 'mse': 688.031196097161, 'rmse': 31.47641851259307, 'mape': 17.486899173662817}, {'round_number': 3, 'mae': 21.73371373252254, 'mse': 472.3543126072388, 'rmse': 26.080456479027045, 'mape': 14.489142488348358}, {'round_number': 4, 'mae': 21.695469866556223, 'mse': 470.69341273064913, 'rmse': 26.034563839867467, 'mape': 14.463646577704148}, {'round_number': 5, 'mae': 21.028415000327648, 'mse': 442.19423742600486, 'rmse': 25.23409800039318, 'mape': 14.018943333551766}, {'round_number': 6, 'mae': 22.17798209290033, 'mse': 491.8628897130077, 'rmse': 26.613578511480394, 'mape': 14.785321395266886}, {'round_number': 7, 'mae': 20.596451691081274, 'mse': 424.2138222630447, 'rmse': 24.715742029297527, 'mape': 13.730967794054182}, {'round_number': 8, 'mae': 21.650749887726125, 'mse': 468.75497070087283, 'rmse': 25.98089986527135, 'mape': 14.433833258484084}]"
4fd1ab98-1b33-539c-87bf-dd49212c8734,bd2b6079-23bc-4431-bf07-b8967a7a5321,1,2026-06-02 12:00:00,participant_4fd1ab98@example.com,B,false,upload.csv,52.0,4822,M,false,,true,Type 1,9.234493268895518,Test City,8,[],[],[],20.018868301835383,410.37691729476035,20.25776190241065,13.34591220122359,"[{'round_number': 1, 'mae': 16.52478361113431, 'mse': 273.0684733948131, 'rmse': 19.829740333361173, 'mape': 11.016522407422874}, {'round_number': 2, 'mae': 18.657589823094536, 'mse': 348.1056580068408, 'rmse': 22.389107787713442, 'mape': 12.438393215396358}, {'round_number': 3, 'mae': 26.62025034716556, 'mse': 708.637728545768, 'rmse': 31.94430041659867, 'mape': 17.746833564777038}, {'round_number': 4, 'mae': 19.569798853430253, 'mse': 382.97702716372004, 'rmse': 23.4837586241163, 'mape': 13.046532568953502}, {'round_number': 5, 'mae': 19.062599243000804, 'mse': 363.38268989925484, 'rmse': 22.875119091600965, 'mape': 12.70839949533387}, {'round_number': 6, 'mae': 21.37570377463125, 'mse': 456.9207118607847, 'rmse': 25.6508445295575, 'mape': 14.250469183087501}, {'round_number': 7, 'mae': 21.90294640242648, 'mse': 479.73906110756707, 'rmse': 26.283535682911776, 'mape': 14.60196426828432}, {'round_number': 8, 'mae': 16.437274359799872, 'mse': 270.18398837933427, 'rmse': 19.724729231759845, 'mape': 10.958182906533247}]"
6f52402a-bd7a-506d-bc4d-9258a2c9ce69,5d0722c0-a47b-4a81-a55a-5b91887ad600,0,2026-06-01 12:00:00,participant_6f52402a@example.com,A,true,example.csv,44.0,337,F,true,1.9216379245847948,false,"",0.0,Test City,8,[],[],[],21.690395312644906,481.27962460642146,21.93808616553462,14.46026354176327,"[{'round_number': 1, 'mae': 22.27031032441046, 'mse': 495.9667219455431, 'rmse': 26.72437238929255, 'mape': 14.846873549606974}, {'round_number': 2, 'mae': 26.56650119973134, 'mse': 705.7789859953268, 'rmse': 31.879801439677607, 'mape': 17.711000799820894}, {'round_number': 3, 'mae': 19.871129914986213, 'mse': 394.86180409826, 'rmse': 23.845355897983456, 'mape': 13.247419943324141}, {'round_number': 4, 'mae': 22.15268587922804, 'mse': 490.74149166374946, 'rmse': 26.58322305507365, 'mape': 14.768457252818694}, {'round_number': 5, 'mae': 20.34427219813993, 'mse': 413.8894112720093, 'rmse': 24.413126637767913, 'mape': 13.562848132093286}, {'round_number': 6, 'mae': 26.375372881133863, 'mse': 695.6602946188516, 'rmse': 31.650447457360634, 'mape': 17.583581920755908}, {'round_number': 7, 'mae': 16.048866996075546, 'mse': 257.5661318577229, 'rmse': 19.258640395290655, 'mape': 10.699244664050363}, {'round_number': 8, 'mae': 19.894023107453865, 'mse': 395.77215539990834, 'rmse': 23.87282772894464, 'mape': 13.26268207163591}]"
96cb636d-b738-57d6-8026-1a17df9c5dbf,fc88aee9-cb80-488a-ba86-e131979d99ed,0,2026-06-01 12:00:00,participant_96cb636d@example.com,A,true,example.csv,20.0,2610,F,true,11.034845444746388,true,Type 1,1.309099796238061,Test City,8,[],[],[],14.270259976961416,210.78911710563514,14.518578343131091,9.51350665130761,"[{'round_number': 1, 'mae': 18.2218989207121, 'mse': 332.0376002766488, 'rmse': 21.86627870485452, 'mape': 12.147932613808067}, {'round_number': 2, 'mae': 15.090634300755744, 'mse': 227.7272435991458, 'rmse': 18.10876116090689, 'mape': 10.060422867170496}, {'round_number': 3, 'mae': 13.973598181846135, 'mse': 195.26144614769362, 'rmse': 16.768317818215362, 'mape': 9.315732121230758}, {'round_number': 4, 'mae': 17.589179493738225, 'mse': 309.3792352629413, 'rmse': 21.10701539248587, 'mape': 11.72611966249215}, {'round_number': 5, 'mae': 13.210055145413715, 'mse': 174.5055569448714, 'rmse': 15.852066174496457, 'mape': 8.80670343027581}, {'round_number': 6, 'mae': 9.739734007677693, 'mse': 94.86241854031339, 'rmse': 11.687680809213232, 'mape': 6.493156005118462}, {'round_number': 7, 'mae': 14.859818426852756, 'mse': 220.81420367903272, 'rmse': 17.83178211222331, 'mape': 9.906545617901838}, {'round_number': 8, 'mae': 11.477161338694952, 'mse': 131.7252323944341, 'rmse': 13.772593606433942, 'mape': 7.6514408924633015}]"
96cb636d-b738-57d6-8026-1a17df9c5dbf,89e48aff-a745-410e-8db4-218015afe13e,1,2026-06-02 12:00:00,participant_96cb636d@example.com,B,false,upload.csv,20.0,2610,M,true,11.034845444746388,true,Type 1,1.309099796238061,Test City,8,[],[],[],14.032168860584575,204.30821893737965,14.293642605626449,9.354779240389716,"[{'round_number': 1, 'mae': 12.755519877927593, 'mse': 162.70328735620598, 'rmse': 15.306623853513111, 'mape': 8.503679918618396}, {'round_number': 2, 'mae': 15.816931632392931, 'mse': 250.17532626379213, 'rmse': 18.980317958871517, 'mape': 10.544621088261954}, {'round_number': 3, 'mae': 15.638266577982103, 'mse': 244.55538156403207, 'rmse': 18.765919893578523, 'mape': 10.42551105198807}, {'round_number': 4, 'mae': 19.46296568807533, 'mse': 378.80703337519753, 'rmse': 23.355558825690395, 'mape': 12.975310458716885}, {'round_number': 5, 'mae': 14.10330310030917, 'mse': 198.90315833919024, 'rmse': 16.923963720371002, 'mape': 9.40220206687278}, {'round_number': 6, 'mae': 10.102272569496064, 'mse': 102.0559110683926, 'rmse': 12.122727083395276, 'mape': 6.734848379664043}, {'round_number': 7, 'mae': 12.433976771232594, 'mse': 154.60377834755172, 'rmse': 14.920772125479111, 'mape': 8.289317847488396}, {'round_number': 8, 'mae': 11.944114667260814, 'mse': 142.66187518467493, 'rmse': 14.332937600712977, 'mape': 7.962743111507209}]"
adce8f16-1a04-5e12-af95-24d1e06735b4,8b0682c2-400d-467d-9b5f-508ad030842c,0,2026-06-01 12:00:00,participant_adce8f16@example.com,A,true,example.csv,71.0,994,F,false,,false,"",0.0,Test City,8,[],[],[],16.789370635158264,287.80163419295707,16.964717333128693,11.192913756772176,"[{'round_number': 1, 'mae': 15.193002352271286, 'mse': 230.82732047612083, 'rmse': 18.23160282272554, 'mape': 10.128668234847524}, {'round_number': 2, 'mae': 11.196580916105983, 'mse': 125.36342421090869, 'rmse': 13.43589709932718, 'mape': 7.464387277403989}, {'round_number': 3, 'mae': 19.219467775524645, 'mse': 369.3879415744303, 'rmse': 23.063361330629572, 'mape': 12.81297851701643}, {'round_number': 4, 'mae': 16.794419660046884, 'mse': 282.0525317177693, 'rmse': 20.15330359205626, 'mape': 11.196279773364589}, {'round_number': 5, 'mae': 18.19921120122462, 'mse': 331.2112883467797, 'rmse': 21.839053441469545, 'mape': 12.132807467483081}, {'round_number': 6, 'mae': 17.445864000266955, 'mse': 304.3581707158105, 'rmse': 20.935036800320344, 'mape': 11.63057600017797}, {'round_number': 7, 'mae': 19.02366356861213, 'mse': 361.89977557174035, 'rmse': 22.828396282334555, 'mape': 12.682442379074752}, {'round_number': 8, 'mae': 17.242755607213613, 'mse': 297.3126209300965, 'rmse': 20.691306728656336, 'mape': 11.495170404809075}]"
adce8f16-1a04-5e12-af95-24d1e06735b4,61bb2b3c-a0c5-4c16-a102-30f42642a19f,1,2026-06-02 12:00:00,participant_adce8f16@example.com,B,false,upload.csv,71.0,994,M,false,,false,"",0.0,Test City,8,[],[],[],12.664140255141634,165.11861806906327,12.849848951215858,8.442760170094422,"[{'round_number': 1, 'mae': 16.076468998664414, 'mse': 258.452855465018, 'rmse': 19.291762798397297, 'mape': 10.717645999109608}, {'round_number': 2, 'mae': 13.642809918161456, 'mse': 186.1262624630846, 'rmse': 16.371371901793747, 'mape': 9.095206612107637}, {'round_number': 3, 'mae': 13.544064418394989, 'mse': 183.44168096963318, 'rmse': 16.252877302073987, 'mape': 9.029376278929993}, {'round_number': 4, 'mae': 13.59746230127745, 'mse': 184.89098103466142, 'rmse': 16.316954761532937, 'mape': 9.0649748675183}, {'round_number': 5, 'mae': 7.997948320523619, 'mse': 63.96717733776658, 'rmse': 9.597537984628342, 'mape': 5.331965547015746}, {'round_number': 6, 'mae': 11.87395429281862, 'mse': 140.99079054794575, 'rmse': 14.248745151382344, 'mape': 7.915969528545747}, {'round_number': 7, 'mae': 11.589912079581286, 'mse': 134.3260620124242, 'rmse': 13.907894495497542, 'mape': 7.72660805305419}, {'round_number': 8, 'mae': 12.990501711711232, 'mse': 168.75313472197246, 'rmse': 15.588602054053478, 'mape': 8.660334474474155}]"
50e8636f-f5f6-5138-ac06-2cf995ced84f,759cd6c9-848b-4338-8358-6a8ff3c13901,0,2026-06-01 12:00:00,participant_50e8636f@example.com,A,true,example.csv,57.0,2344,F,true,7.708358525362485,true,Type 1,8.41812714054857,Test City,8,[],[],[],5.115029659773272,27.76754779651378,5.269492176340504,3.4100197731821815,"[{'round_number': 1, 'mae': 4.964805475008018, 'mse': 24.649293404669592, 'rmse': 5.957766570009621, 'mape': 3.309870316672012}, {'round_number': 2, 'mae': 5.539641117390627, 'mse': 30.68762370948487, 'rmse': 6.647569340868752, 'mape': 3.6930940782604176}, {'round_number': 3, 'mae': 3.6537910982468547, 'mse': 13.350189389627957, 'rmse': 4.384549317896226, 'mape': 2.4358607321645698}, {'round_number': 4, 'mae': 6.085008839941793, 'mse': 37.02733258216976, 'rmse': 7.302010607930151, 'mape': 4.0566725599611955}, {'round_number': 5, 'mae': 3.885140054451342, 'mse': 15.094313242702176, 'rmse': 4.66216806534161, 'mape': 2.590093369634228}, {'round_number': 6, 'mae': 7.4636421112889195, 'mse': 55.70595356540532, 'rmse': 8.956370533546703, 'mape': 4.975761407525947}, {'round_number': 7, 'mae': 3.635041901003373, 'mse': 13.213529622050215, 'rmse': 4.362050281204048, 'mape': 2.423361267335582}, {'round_number': 8, 'mae': 5.693166680855248, 'mse': 32.41214685600036, 'rmse': 6.831800017026298, 'mape': 3.795444453903499}]"
50e8636f-f5f6-5138-ac06-2cf995ced84f,cc0305c1-b7c9-4d78-8508-4d92b6d1aa53,1,2026-06-02 12:00:00,participant_50e8636f@example.com,B,false,upload.csv,57.0,2344,M,true,7.708358525362485,true,Type 1,8.41812714054857,Test City,8,[],[],[],4.537048163321267,33.64418893703699,5.800361104020766,3.0246987755475114,"[{'round_number': 1, 'mae': 7.319504275911729, 'mse': 53.575142845090085, 'rmse': 8.783405131094074, 'mape': 4.879669517274486}, {'round_number': 2, 'mae': 12.097993404556192, 'mse': 146.36144441668512, 'rmse': 14.51759208546743, 'mape': 8.065328936370795}, {'round_number': 3, 'mae': 1.360057177933494, 'mse': 1.8497555272484199, 'rmse': 1.6320686135201927, 'mape': 0.906704785288996}, {'round_number': 4, 'mae': 2.9894634455640166, 'mse': 8.936891692363481, 'rmse': 3.5873561346768197, 'mape': 1.992975630376011}, {'round_number': 5, 'mae': 1.8634796624255103, 'mse': 3.4725564522734937, 'rmse': 2.236175594910612, 'mape': 1.2423197749503403}, {'round_number': 6, 'mae': 6.735971721133139, 'mse': 45.37331502790534, 'rmse': 8.083166065359766, 'mape': 4.490647814088759}, {'round_number': 7, 'mae': 1.0, 'mse': 1.0, 'rmse': 1.2, 'mape': 0.6666666666666666}, {'round_number': 8, 'mae': 2.9299156190460547, 'mse': 8.584405534730026, 'rmse': 3.5158987428552657, 'mape': 1.9532770793640364}]"
ecb83aa4-b695-5ad7-a06b-bd417b437d6c,c5ec3666-8712-4367-97ce-7fecd88b8e0f,0,2026-06-01 12:00:00,participant_ecb83aa4@example.com,A,true,example.csv,39.0,9790,F,true,3.1918680834953093,false,"",0.0,Test City,8,[],[],[],11.292341195106632,132.7919093245465,11.523537188057603,7.528227463404421,"[{'round_number': 1, 'mae': 12.381669944317307, 'mse': 153.30575061001056, 'rmse': 14.858003933180768, 'mape': 8.254446629544871}, {'round_number': 2, 'mae': 7.507217887670821, 'mse': 56.358320412964744, 'rmse': 9.008661465204986, 'mape': 5.004811925113881}, {'round_number': 3, 'mae': 9.472103957462899, 'mse': 89.7207533809843, 'rmse': 11.366524748955479, 'mape': 6.314735971641933}, {'round_number': 4, 'mae': 12.569436345303378, 'mse': 157.99073003863356, 'rmse': 15.083323614364053, 'mape': 8.379624230202252}, {'round_number': 5, 'mae': 14.253230517708898, 'mse': 203.15458019094828, 'rmse': 17.103876621250677, 'mape': 9.502153678472599}, {'round_number': 6, 'mae': 13.251258650822122, 'mse': 175.5958558309881, 'rmse': 15.901510380986545, 'mape': 8.834172433881415}, {'round_number': 7, 'mae': 8.486632524164719, 'mse': 72.02293160021043, 'rmse': 10.183959028997663, 'mape': 5.657755016109813}, {'round_number': 8, 'mae': 12.417179733402909, 'mse': 154.18635253163194, 'rmse': 14.90061568008349, 'mape': 8.278119822268605}]"
f36a6ff8-149d-5ea9-8afa-6c1d796fb590,9e45b982-b3ac-4d3d-8c7e-c1198be86a60,0,2026-06-01 12:00:00,participant_f36a6ff8@example.com,A,true,example.csv,34.0,648,F,false,,true,Type 1,8.533760948204751,Test City,8,[],[],[],16.565927719840687,281.6760881404074,16.783208517455993,11.043951813227125,"[{'round_number': 1, 'mae': 18.298593524514565, 'mse': 334.83852497540636, 'rmse': 21.958312229417476, 'mape': 12.199062349676376}, {'round_number': 2, 'mae': 14.668157468028108, 'mse': 215.15484350686876, 'rmse': 17.60178896163373, 'mape': 9.778771645352071}, {'round_number': 3, 'mae': 12.897199204235893, 'mse': 166.33774731374294, 'rmse': 15.47663904508307, 'mape': 8.598132802823928}, {'round_number': 4, 'mae': 13.99838570617258, 'mse': 195.95480237877683, 'rmse': 16.798062847407095, 'mape': 9.332257137448387}, {'round_number': 5, 'mae': 20.749980286980406, 'mse': 430.5616819100755, 'rmse': 24.899976344376487, 'mape': 13.83332019132027}, {'round_number': 6, 'mae': 17.065484526263027, 'mse': 291.23076211612283, 'rmse': 20.478581431515632, 'mape': 11.376989684175351}, {'round_number': 7, 'mae': 19.882685570801062, 'mse': 395.3211855073408, 'rmse': 23.859222684961274, 'mape': 13.255123713867375}, {'round_number': 8, 'mae': 14.966935471729844, 'mse': 224.00915741492506, 'rmse': 17.960322566075813, 'mape': 9.977956981153229}]"
f36a6ff8-149d-5ea9-8afa-6c1d796fb590,d9bebb4e-968f-4665-92b1-356a5f90e0da,1,2026-06-02 12:00:00,participant_f36a6ff8@example.com,B,false,upload.csv,34.0,648,M,false,,true,Type 1,8.533760948204751,Test City,8,[],[],[],16.453854166249236,278.7657599706473,16.69627982427964,10.969236110832824,"[{'round_number': 1, 'mae': 18.07844562430937, 'mse': 326.83019619111064, 'rmse': 21.694134749171244, 'mape': 12.052297082872913}, {'round_number': 2, 'mae': 13.459485475899713, 'mse': 181.15774927595533, 'rmse': 16.151382571079655, 'mape': 8.972990317266476}, {'round_number': 3, 'mae': 14.791715499655451, 'mse': 218.79484742274732, 'rmse': 17.75005859958654, 'mape': 9.861143666436968}, {'round_number': 4, 'mae': 22.723048386621024, 'mse': 516.3369279807202, 'rmse': 27.267658063945227, 'mape': 15.148698924414015}, {'round_number': 5, 'mae': 17.565443503652794, 'mse': 308.54480548001817, 'rmse': 21.078532204383354, 'mape': 11.710295669101862}, {'round_number': 6, 'mae': 13.760486480770865, 'mse': 189.35098818747775, 'rmse': 16.512583776925037, 'mape': 9.173657653847243}, {'round_number': 7, 'mae': 15.009540489673784, 'mse': 225.28630571115673, 'rmse': 18.01144858760854, 'mape': 10.006360326449188}, {'round_number': 8, 'mae': 16.242667869410877, 'mse': 263.8242595159925, 'rmse': 19.49120144329305, 'mape': 10.828445246273917}]"
b8ddb311-467a-5642-a123-51b88c49061b,d4e1bde6-2bea-4a30-84a8-b8aedcd3cd33,0,2026-06-01 12:00:00,participant_b8ddb311@example.com,A,true,example.csv,37.0,8804,F,true,3.952999974112978,false,"",0.0,Test City,8,[],[],[],16.234153991198085,268.07175118336227,16.37289684763702,10.822769327465389,"[{'round_number': 1, 'mae': 14.623342204295284, 'mse': 213.84213722392366, 'rmse': 17.54801064515434, 'mape': 9.748894802863523}, {'round_number': 2, 'mae': 15.508424015165476, 'mse': 240.51121543416124, 'rmse': 18.61010881819857, 'mape': 10.33894934344365}, {'round_number': 3, 'mae': 15.790881549879925, 'mse': 249.35194012233822, 'rmse': 18.94905785985591, 'mape': 10.527254366586616}, {'round_number': 4, 'mae': 19.412338052222193, 'mse': 376.8388686537537, 'rmse': 23.29480566266663, 'mape': 12.941558701481462}, {'round_number': 5, 'mae': 16.412328878591993, 'mse': 269.3645392190647, 'rmse': 19.69479465431039, 'mape': 10.941552585727996}, {'round_number': 6, 'mae': 17.90101855858216, 'mse': 320.4464654347029, 'rmse': 21.48122227029859, 'mape': 11.934012372388105}, {'round_number': 7, 'mae': 12.158926561899799, 'mse': 147.83949513767246, 'rmse': 14.590711874279759, 'mape': 8.105951041266533}, {'round_number': 8, 'mae': 18.06597210894785, 'mse': 326.37934824128166, 'rmse': 21.67916653073742, 'mape': 12.043981405965233}]"
b8ddb311-467a-5642-a123-51b88c49061b,ba53085c-c7b2-4bdc-944a-03668aecbe55,1,2026-06-02 12:00:00,participant_b8ddb311@example.com,B,false,upload.csv,37.0,8804,M,true,3.952999974112978,false,"",0.0,Test City,8,[],[],[],15.26765575856406,240.7985342894825,15.517684565987365,10.178437172376041,"[{'round_number': 1, 'mae': 19.874163120705077, 'mse': 394.9823597483938, 'rmse': 23.848995744846093, 'mape': 13.249442080470052}, {'round_number': 2, 'mae': 15.90423149648676, 'mse': 252.9445794938415, 'rmse': 19.085077795784112, 'mape': 10.60282099765784}, {'round_number': 3, 'mae': 14.34617078555838, 'mse': 205.81261620840874, 'rmse': 17.215404942670055, 'mape': 9.56411385703892}, {'round_number': 4, 'mae': 14.047468190959457, 'mse': 197.33136257601774, 'rmse': 16.85696182915135, 'mape': 9.364978793972972}, {'round_number': 5, 'mae': 18.946930342814234, 'mse': 358.9861694154547, 'rmse': 22.73631641137708, 'mape': 12.63128689520949}, {'round_number': 6, 'mae': 10.803959175563637, 'mse': 116.72553386724572, 'rmse': 12.964751010676364, 'mape': 7.2026394503757585}, {'round_number': 7, 'mae': 13.252196551874077, 'mse': 175.62071344950317, 'rmse': 15.902635862248891, 'mape': 8.834797701249384}, {'round_number': 8, 'mae': 14.966126404550867, 'mse': 223.98493955699465, 'rmse': 17.95935168546104, 'mape': 9.977417603033912}]"
0a41fe0c-3957-56f8-a391-8ad152f60439,68464732-2a18-4e7f-b5af-57ac6d63ab43,0,2026-06-01 12:00:00,participant_0a41fe0c@example.com,A,true,example.csv,59.0,8762,F,true,7.760571031603599,true,Type 1,20.519732580920085,Test City,8,[],[],[],6.944559888391962,52.90103760441252,7.273309948325626,4.629706592261308,"[{'round_number': 1, 'mae': 7.30985115369437, 'mse': 53.43392388916691, 'rmse': 8.771821384433244, 'mape': 4.873234102462914}, {'round_number': 2, 'mae': 4.281344741249409, 'mse': 18.329912793423972, 'rmse': 5.1376136894992905, 'mape': 2.8542298274996063}, {'round_number': 3, 'mae': 7.642785019745718, 'mse': 58.412162858049555, 'rmse': 9.17134202369486, 'mape': 5.095190013163812}, {'round_number': 4, 'mae': 10.337580341001566, 'mse': 106.86556730666204, 'rmse': 12.405096409201878, 'mape': 6.891720227334377}, {'round_number': 5, 'mae': 4.805070900191035, 'mse': 23.088706355862687, 'rmse': 5.766085080229242, 'mape': 3.203380600127357}, {'round_number': 6, 'mae': 6.982850528491554, 'mse': 48.76020150325477, 'rmse': 8.379420634189865, 'mape': 4.6552336856610355}, {'round_number': 7, 'mae': 9.700465968187503, 'mse': 94.0990399999639, 'rmse': 11.640559161825003, 'mape': 6.466977312125002}, {'round_number': 8, 'mae': 4.496530454574538, 'mse': 20.2187861289163, 'rmse': 5.395836545489446, 'mape': 2.9976869697163586}]"
0a41fe0c-3957-56f8-a391-8ad152f60439,5b8b8029-9891-420f-9289-ee025363cb92,1,2026-06-02 12:00:00,participant_0a41fe0c@example.com,B,false,upload.csv,59.0,8762,M,true,7.760571031603599,true,Type 1,20.519732580920085,Test City,8,[],[],[],8.608434017233733,84.3079918719271,9.181938350475193,5.738956011489155,"[{'round_number': 1, 'mae': 7.193512080390045, 'mse': 51.74661605071751, 'rmse': 8.632214496468054, 'mape': 4.79567472026003}, {'round_number': 2, 'mae': 3.46520761100526, 'mse': 12.007663787368783, 'rmse': 4.158249133206312, 'mape': 2.31013840733684}, {'round_number': 3, 'mae': 10.049488570366893, 'mse': 100.99222052593483, 'rmse': 12.059386284440272, 'mape': 6.699659046911262}, {'round_number': 4, 'mae': 13.584061213505157, 'mse': 184.5267190522552, 'rmse': 16.300873456206187, 'mape': 9.056040809003438}, {'round_number': 5, 'mae': 12.71236292060286, 'mse': 161.6041710251185, 'rmse': 15.254835504723431, 'mape': 8.47490861373524}, {'round_number': 6, 'mae': 5.988055034546157, 'mse': 35.85680309675358, 'rmse': 7.185666041455389, 'mape': 3.992036689697438}, {'round_number': 7, 'mae': 8.866194454087449, 'mse': 78.60940409769103, 'rmse': 10.639433344904939, 'mape': 5.9107963027249655}, {'round_number': 8, 'mae': 7.008590253366037, 'mse': 49.12033733957742, 'rmse': 8.410308304039244, 'mape': 4.672393502244025}]"
b81cb05b-47e5-58f2-b108-568eee2906db,cf9c1682-378e-4af5-bf03-1d71a1628660,0,2026-06-01 12:00:00,participant_b81cb05b@example.com,A,true,example.csv,72.0,6109,F,false,,false,"",0.0,Test City,8,[],[],[],23.017179269108897,536.1095062258911,23.15403865907395,15.344786179405931,"[{'round_number': 1, 'mae': 18.450884855724674, 'mse': 340.4351519592101, 'rmse': 22.141061826869606, 'mape': 12.30058990381645}, {'round_number': 2, 'mae': 25.57430737667548, 'mse': 654.0451977966779, 'rmse': 30.689168852010575, 'mape': 17.04953825111699}, {'round_number': 3, 'mae': 22.261495598809933, 'mse': 495.574186295834, 'rmse': 26.71379471857192, 'mape': 14.840997065873289}, {'round_number': 4, 'mae': 26.634045446089566, 'mse': 709.3723768243643, 'rmse': 31.960854535307476, 'mape': 17.756030297393043}, {'round_number': 5, 'mae': 22.970123690975466, 'mse': 527.6265823787123, 'rmse': 27.564148429170558, 'mape': 15.313415793983644}, {'round_number': 6, 'mae': 20.39040760069858, 'mse': 415.76872212262646, 'rmse': 24.468489120838296, 'mape': 13.593605067132387}, {'round_number': 7, 'mae': 23.239844714531287, 'mse': 540.0903823555278, 'rmse': 27.887813657437544, 'mape': 15.493229809687525}, {'round_number': 8, 'mae': 24.61632486936619, 'mse': 605.9634500741763, 'rmse': 29.539589843239426, 'mape': 16.410883246244126}]"
d5e64ffc-828f-51fe-9c60-3a1844394525,ec38e3d5-918c-4521-8062-e36f5f50c8ec,0,2026-06-01 12:00:00,participant_d5e64ffc@example.com,A,true,example.csv,43.0,880,F,true,0.7414445462949932,true,Type 1,2.864630394937471,Test City,8,[],[],[],6.409048636580145,44.84124231983965,6.69636037858176,4.27269909105343,"[{'round_number': 1, 'mae': 7.835671227413955, 'mse': 61.397743584122914, 'rmse': 9.402805472896745, 'mape': 5.22378081827597}, {'round_number': 2, 'mae': 6.182727172704089, 'mse': 38.226115292093496, 'rmse': 7.419272607244906, 'mape': 4.121818115136059}, {'round_number': 3, 'mae': 5.943423705492059, 'mse': 35.32428534300495, 'rmse': 7.13210844659047, 'mape': 3.9622824703280393}, {'round_number': 4, 'mae': 8.8470793269253, 'mse': 78.27081261690903, 'rmse': 10.61649519231036, 'mape': 5.898052884616867}, {'round_number': 5, 'mae': 4.366871842431407, 'mse': 19.06956968822027, 'rmse': 5.240246210917689, 'mape': 2.9112478949542715}, {'round_number': 6, 'mae': 3.618589822785533, 'mse': 13.094192305567036, 'rmse': 4.34230778734264, 'mape': 2.4123932151903555}, {'round_number': 7, 'mae': 5.17254241037313, 'mse': 26.75519498710867, 'rmse': 6.207050892447756, 'mape': 3.44836160691542}, {'round_number': 8, 'mae': 9.305483584515683, 'mse': 86.59202474169084, 'rmse': 11.166580301418819, 'mape': 6.203655723010455}]"
d5e64ffc-828f-51fe-9c60-3a1844394525,7e3ed890-f9c1-4059-97ef-3d51de69a87a,1,2026-06-02 12:00:00,participant_d5e64ffc@example.com,B,false,upload.csv,43.0,880,M,true,0.7414445462949932,true,Type 1,2.864630394937471,Test City,8,[],[],[],2.7588809327618193,13.052588452499094,3.6128366213405076,1.8392539551745462,"[{'round_number': 1, 'mae': 1.0, 'mse': 1.0, 'rmse': 1.2, 'mape': 0.6666666666666666}, {'round_number': 2, 'mae': 6.575489977842025, 'mse': 43.23706844870092, 'rmse': 7.89058797341043, 'mape': 4.383659985228017}, {'round_number': 3, 'mae': 1.082241437383458, 'mse': 1.171246528789813, 'rmse': 1.2986897248601494, 'mape': 0.7214942915889719}, {'round_number': 4, 'mae': 1.0, 'mse': 1.0, 'rmse': 1.2, 'mape': 0.6666666666666666}, {'round_number': 5, 'mae': 6.780185508426957, 'mse': 45.97091552868291, 'rmse': 8.136222610112348, 'mape': 4.520123672284638}, {'round_number': 6, 'mae': 2.709329715611416, 'mse': 7.340467507895035, 'rmse': 3.2511956587336988, 'mape': 1.8062198104076106}, {'round_number': 7, 'mae': 1.0, 'mse': 1.0, 'rmse': 1.2, 'mape': 0.6666666666666666}, {'round_number': 8, 'mae': 1.9238008228307, 'mse': 3.7010096059240785, 'rmse': 2.30856098739684, 'mape': 1.2825338818871332}]"
81779be4-2fb0-5487-97c3-02fb9372ecf9,3d8995e0-af68-487f-8873-8247a1b5f865,0,2026-06-01 12:00:00,participant_81779be4@example.com,A,true,example.csv,46.0,8738,F,true,5.758879462037881,false,"",0.0,Test City,8,[],[],[],21.403919683497477,460.094683151758,21.44981778831135,14.269279788998318,"[{'round_number': 1, 'mae': 22.683707262963768, 'mse': 514.5505751918352, 'rmse': 27.220448715556522, 'mape': 15.122471508642512}, {'round_number': 2, 'mae': 23.60699888285523, 'mse': 557.290396255128, 'rmse': 28.328398659426274, 'mape': 15.73799925523682}, {'round_number': 3, 'mae': 19.530865504522875, 'mse': 381.45470735576157, 'rmse': 23.43703860542745, 'mape': 13.02057700301525}, {'round_number': 4, 'mae': 22.52985321117127, 'mse': 507.59428571692445, 'rmse': 27.035823853405525, 'mape': 15.019902140780848}, {'round_number': 5, 'mae': 21.369111241405257, 'mse': 456.6389152475525, 'rmse': 25.642933489686307, 'mape': 14.246074160936837}, {'round_number': 6, 'mae': 19.856671754252663, 'mse': 394.28741315613553, 'rmse': 23.828006105103196, 'mape': 13.237781169501774}, {'round_number': 7, 'mae': 19.988301179535167, 'mse': 399.532184043807, 'rmse': 23.9859614154422, 'mape': 13.325534119690111}, {'round_number': 8, 'mae': 21.665848431273574, 'mse': 469.4089882469196, 'rmse': 25.999018117528287, 'mape': 14.443898954182382}]"
81779be4-2fb0-5487-97c3-02fb9372ecf9,c32e9dc9-8a9a-4e5a-85b3-6f7b4ae24d35,1,2026-06-02 12:00:00,participant_81779be4@example.com,B,false,upload.csv,46.0,8738,M,true,5.758879462037881,false,"",0.0,Test City,8,[],[],[],19.449104676955038,381.8740011310524,19.54159668837356,12.966069784636693,"[{'round_number': 1, 'mae': 18.39816201648717, 'mse': 338.4923655849112, 'rmse': 22.077794419784603, 'mape': 12.26544134432478}, {'round_number': 2, 'mae': 16.61213169563826, 'mse': 275.96291947322936, 'rmse': 19.934558034765914, 'mape': 11.074754463758842}, {'round_number': 3, 'mae': 17.03076623041079, 'mse': 290.0469983949006, 'rmse': 20.43691947649295, 'mape': 11.353844153607193}, {'round_number': 4, 'mae': 21.648613270632286, 'mse': 468.6624565413963, 'rmse': 25.978335924758742, 'mape': 14.43240884708819}, {'round_number': 5, 'mae': 18.950082961142222, 'mse': 359.10564423417276, 'rmse': 22.740099553370666, 'mape': 12.633388640761481}, {'round_number': 6, 'mae': 20.96388465537612, 'mse': 439.48445984391435, 'rmse': 25.156661586451342, 'mape': 13.97592310358408}, {'round_number': 7, 'mae': 21.914068251423533, 'mse': 480.2263873280489, 'rmse': 26.29688190170824, 'mape': 14.609378834282355}, {'round_number': 8, 'mae': 20.075128334529918, 'mse': 403.01077764784594, 'rmse': 24.090154001435902, 'mape': 13.383418889686611}]"
a79d5236-82eb-5386-8415-a93fb7e34d09,0ef2f088-c84d-4a58-92db-4620ba3024d8,0,2026-06-01 12:00:00,participant_a79d5236@example.com,A,true,example.csv,55.0,3367,F,false,,true,Type 1,7.601026040652981,Test City,8,[],[],[],21.125868829572408,459.5305659217456,21.43666405767804,14.083912553048272,"[{'round_number': 1, 'mae': 25.660834256345055, 'mse': 658.4784147316119, 'rmse': 30.793001107614064, 'mape': 17.10722283756337}, {'round_number': 2, 'mae': 25.194804830408494, 'mse': 634.7781904423751, 'rmse': 30.23376579649019, 'mape': 16.796536553605662}, {'round_number': 3, 'mae': 14.230850920211, 'mse': 202.51711791327025, 'rmse': 17.0770211042532, 'mape': 9.487233946807333}, {'round_number': 4, 'mae': 17.18688573869558, 'mse': 295.3890413949775, 'rmse': 20.624262886434696, 'mape': 11.457923825797053}, {'round_number': 5, 'mae': 22.086423198614245, 'mse': 487.8100897082855, 'rmse': 26.503707838337093, 'mape': 14.724282132409497}, {'round_number': 6, 'mae': 22.46308609588465, 'mse': 504.5902369511262, 'rmse': 26.955703315061577, 'mape': 14.975390730589766}, {'round_number': 7, 'mae': 22.30317711470905, 'mse': 497.43170941008157, 'rmse': 26.76381253765086, 'mape': 14.868784743139367}, {'round_number': 8, 'mae': 19.880888481711192, 'mse': 395.24972682223677, 'rmse': 23.85706617805343, 'mape': 13.253925654474129}]"
a79d5236-82eb-5386-8415-a93fb7e34d09,5ba89cc0-f30c-4d10-9db1-30d019e90db6,1,2026-06-02 12:00:00,participant_a79d5236@example.com,B,false,upload.csv,55.0,3367,M,false,,true,Type 1,7.601026040652981,Test City,8,[],[],[],18.077939438762115,337.13314968310584,18.361185955245535,12.05195962584141,"[{'round_number': 1, 'mae': 19.30961650295803, 'mse': 372.8612894913091, 'rmse': 23.171539803549635, 'mape': 12.873077668638686}, {'round_number': 2, 'mae': 19.90331833662657, 'mse': 396.14208080909543, 'rmse': 23.883982003951882, 'mape': 13.268878891084379}, {'round_number': 3, 'mae': 17.710640220655627, 'mse': 313.6667770255048, 'rmse': 21.252768264786752, 'mape': 11.807093480437084}, {'round_number': 4, 'mae': 21.02615993435248, 'mse': 442.09940158496954, 'rmse': 25.231391921222976, 'mape': 14.017439956234988}, {'round_number': 5, 'mae': 11.16576228194046, 'mse': 124.67424733680421, 'rmse': 13.398914738328552, 'mape': 7.443841521293639}, {'round_number': 6, 'mae': 19.845634587977575, 'mse': 393.84921219953185, 'rmse': 23.814761505573088, 'mape': 13.230423058651716}, {'round_number': 7, 'mae': 14.84209619241042, 'mse': 220.28781938476388, 'rmse': 17.810515430892504, 'mape': 9.89473079494028}, {'round_number': 8, 'mae': 20.820287453175766, 'mse': 433.4843696328682, 'rmse': 24.984344943810918, 'mape': 13.88019163545051}]"
700963ee-253c-528a-a768-656a3a0e1f19,c5cb7fc0-56b3-4bdc-af9c-8cac0eb0bfab,0,2026-06-01 12:00:00,participant_700963ee@example.com,A,true,example.csv,66.0,9118,F,true,10.693046365726989,false,"",0.0,Test City,8,[],[],[],10.795584874996237,123.75507318960031,11.12452575122195,7.197056583330824,"[{'round_number': 1, 'mae': 8.433631875835806, 'mse': 71.12614661711378, 'rmse': 10.120358251002967, 'mape': 5.6224212505572035}, {'round_number': 2, 'mae': 8.429328676706923, 'mse': 71.05358193995369, 'rmse': 10.115194412048307, 'mape': 5.619552451137949}, {'round_number': 3, 'mae': 6.46574930151383, 'mse': 41.80591403002658, 'rmse': 7.758899161816595, 'mape': 4.310499534342553}, {'round_number': 4, 'mae': 11.087509104978766, 'mse': 122.93285815298704, 'rmse': 13.30501092597452, 'mape': 7.39167273665251}, {'round_number': 5, 'mae': 12.658102934445612, 'mse': 160.2275698990206, 'rmse': 15.189723521334734, 'mape': 8.438735289630408}, {'round_number': 6, 'mae': 14.236710327766833, 'mse': 202.6839209567428, 'rmse': 17.0840523933202, 'mape': 9.491140218511221}, {'round_number': 7, 'mae': 10.742448784006072, 'mse': 115.40020587699354, 'rmse': 12.890938540807285, 'mape': 7.161632522670715}, {'round_number': 8, 'mae': 14.311197994716043, 'mse': 204.81038804396448, 'rmse': 17.17343759365925, 'mape': 9.54079866314403}]"
7aace69b-abaa-5702-9d04-fe8b1c1eb3ee,04f40357-0a25-4b14-81e3-36976fa807a0,0,2026-06-01 12:00:00,participant_7aace69b@example.com,A,true,example.csv,49.0,9781,F,true,9.65381736483594,true,Type 1,3.640683913471276,Test City,8,[],[],[],14.466817272887756,212.55199406162703,14.579163009639032,9.644544848591837,"[{'round_number': 1, 'mae': 14.094656705680086, 'mse': 198.6593476509726, 'rmse': 16.913588046816102, 'mape': 9.396437803786723}, {'round_number': 2, 'mae': 14.343447357448444, 'mse': 205.73448209589475, 'rmse': 17.21213682893813, 'mape': 9.562298238298963}, {'round_number': 3, 'mae': 15.074248952523478, 'mse': 227.23298148265516, 'rmse': 18.089098743028174, 'mape': 10.049499301682319}, {'round_number': 4, 'mae': 12.12471694273251, 'mse': 147.0087609413848, 'rmse': 14.54966033127901, 'mape': 8.08314462848834}, {'round_number': 5, 'mae': 17.909959751746822, 'mse': 320.7666583091911, 'rmse': 21.491951702096184, 'mape': 11.939973167831214}, {'round_number': 6, 'mae': 13.624712676212962, 'mse': 185.63279550935817, 'rmse': 16.349655211455552, 'mape': 9.083141784141974}, {'round_number': 7, 'mae': 16.213271941881555, 'mse': 262.87018706140367, 'rmse': 19.455926330257864, 'mape': 10.80884796125437}, {'round_number': 8, 'mae': 12.349523854876187, 'mse': 152.510739442156, 'rmse': 14.819428625851424, 'mape': 8.233015903250791}]"
7aace69b-abaa-5702-9d04-fe8b1c1eb3ee,f941bce0-e8cc-44d8-85cd-f7d9b365b5e7,1,2026-06-02 12:00:00,participant_7aace69b@example.com,B,false,upload.csv,49.0,9781,M,true,9.65381736483594,true,Type 1,3.640683913471276,Test City,8,[],[],[],15.056755661511282,233.81839593274714,15.29112147400403,10.037837107674187,"[{'round_number': 1, 'mae': 14.33487827150532, 'mse': 205.48873505887533, 'rmse': 17.201853925806383, 'mape': 9.556585514336879}, {'round_number': 2, 'mae': 14.433245460329642, 'mse': 208.31857451812624, 'rmse': 17.31989455239557, 'mape': 9.622163640219762}, {'round_number': 3, 'mae': 11.996422192686635, 'mse': 143.91414542518442, 'rmse': 14.395706631223963, 'mape': 7.997614795124424}, {'round_number': 4, 'mae': 19.321134712070062, 'mse': 373.3062465619587, 'rmse': 23.185361654484073, 'mape': 12.880756474713374}, {'round_number': 5, 'mae': 14.37158629680435, 'mse': 206.5424926864946, 'rmse': 17.24590355616522, 'mape': 9.5810575312029}, {'round_number': 6, 'mae': 18.589253182010793, 'mse': 345.5603338648984, 'rmse': 22.30710381841295, 'mape': 12.392835454673863}, {'round_number': 7, 'mae': 16.135883184773014, 'mse': 260.3667261526405, 'rmse': 19.363059821727617, 'mape': 10.757255456515344}, {'round_number': 8, 'mae': 11.271641991910439, 'mse': 127.04991319379873, 'rmse': 13.525970390292526, 'mape': 7.514427994606959}]"
cdd3ab9e-da35-5c2a-80d2-87185bc3265e,0ba63ff1-f894-4bc6-ae50-7d50e3eea0c0,0,2026-06-01 12:00:00,participant_cdd3ab9e@example.com,A,true,example.csv,25.0,6965,F,false,,false,"",0.0,Test City,8,[],[],[],18.678062751429387,355.7738513289192,18.86196838426253,12.452041834286257,"[{'round_number': 1, 'mae': 20.65477033288467, 'mse': 426.6195375042127, 'rmse': 24.785724399461603, 'mape': 13.76984688858978}, {'round_number': 2, 'mae': 20.619636162645214, 'mse': 425.16939547986624, 'rmse': 24.743563395174256, 'mape': 13.746424108430142}, {'round_number': 3, 'mae': 19.612637874244765, 'mse': 384.6555643862602, 'rmse': 23.535165449093718, 'mape': 13.075091916163176}, {'round_number': 4, 'mae': 15.045823670145431, 'mse': 226.37680991310853, 'rmse': 18.054988404174516, 'mape': 10.030549113430288}, {'round_number': 5, 'mae': 19.794954807106343, 'mse': 391.8402358153825, 'rmse': 23.75394576852761, 'mape': 13.196636538070896}, {'round_number': 6, 'mae': 13.816888345600137, 'mse': 190.9064035547809, 'rmse': 16.580266014720163, 'mape': 9.211258897066758}, {'round_number': 7, 'mae': 21.586711443723228, 'mse': 465.98611095457136, 'rmse': 25.904053732467872, 'mape': 14.391140962482153}, {'round_number': 8, 'mae': 18.2930793750853, 'mse': 334.63675302317114, 'rmse': 21.951695250102357, 'mape': 12.195386250056865}]"
cdd3ab9e-da35-5c2a-80d2-87185bc3265e,358ffed5-b412-4f54-ae2c-6caceca19899,1,2026-06-02 12:00:00,participant_cdd3ab9e@example.com,B,false,upload.csv,25.0,6965,M,false,,false,"",0.0,Test City,8,[],[],[],14.92594780971912,227.44930103300584,15.081422380962806,9.95063187314608,"[{'round_number': 1, 'mae': 15.748684586846487, 'mse': 248.0210662159761, 'rmse': 18.898421504215783, 'mape': 10.499123057897657}, {'round_number': 2, 'mae': 17.23702337847298, 'mse': 297.1149749500241, 'rmse': 20.684428054167576, 'mape': 11.491348918981986}, {'round_number': 3, 'mae': 18.71295180425051, 'mse': 350.17456522820237, 'rmse': 22.45554216510061, 'mape': 12.475301202833672}, {'round_number': 4, 'mae': 13.59891623215505, 'mse': 184.9305226891701, 'rmse': 16.31869947858606, 'mape': 9.065944154770033}, {'round_number': 5, 'mae': 12.649131196702696, 'mse': 160.00052003139737, 'rmse': 15.178957436043234, 'mape': 8.43275413113513}, {'round_number': 6, 'mae': 14.696737150863475, 'mse': 215.99408288157065, 'rmse': 17.63608458103617, 'mape': 9.797824767242316}, {'round_number': 7, 'mae': 11.769752192766745, 'mse': 138.52706667913762, 'rmse': 14.123702631320095, 'mape': 7.846501461844497}, {'round_number': 8, 'mae': 14.994385935695021, 'mse': 224.83160958856865, 'rmse': 17.993263122834026, 'mape': 9.996257290463348}]"
1f4d8375-9be4-52e8-8c55-f2237d93a682,a7412549-d950-437b-ab55-d86094c8e364,0,2026-06-01 12:00:00,participant_1f4d8375@example.com,A,true,example.csv,50.0,1112,F,true,9.69276230284822,true,Type 1,20.36842390134596,Test City,8,[],[],[],5.702940635381057,37.491056565297356,6.1229940850287745,3.801960423587371,"[{'round_number': 1, 'mae': 4.040798563361954, 'mse': 16.32805302966803, 'rmse': 4.848958276034344, 'mape': 2.6938657089079694}, {'round_number': 2, 'mae': 4.820561643397181, 'mse': 23.237814557792134, 'rmse': 5.784673972076617, 'mape': 3.2137077622647876}, {'round_number': 3, 'mae': 6.706332783102623, 'mse': 44.974899397716975, 'rmse': 8.047599339723147, 'mape': 4.470888522068416}, {'round_number': 4, 'mae': 10.268720375948538, 'mse': 105.44661815942068, 'rmse': 12.322464451138245, 'mape': 6.845813583965692}, {'round_number': 5, 'mae': 5.5841190494998205, 'mse': 31.18238555898678, 'rmse': 6.700942859399785, 'mape': 3.7227460329998805}, {'round_number': 6, 'mae': 5.373076854188285, 'mse': 28.869954881013875, 'rmse': 6.447692225025942, 'mape': 3.582051236125523}, {'round_number': 7, 'mae': 2.079896847553056, 'mse': 4.32597089646114, 'rmse': 2.495876217063667, 'mape': 1.386597898368704}, {'round_number': 8, 'mae': 6.750018965996999, 'mse': 45.56275604131919, 'rmse': 8.100022759196397, 'mape': 4.500012643997999}]"
1f4d8375-9be4-52e8-8c55-f2237d93a682,735c4570-4695-4bcb-97d8-53834a6c4766,1,2026-06-02 12:00:00,participant_1f4d8375@example.com,B,false,upload.csv,50.0,1112,M,true,9.69276230284822,true,Type 1,20.36842390134596,Test City,8,[],[],[],4.086880390269561,22.41535715977769,4.7344859446171865,2.7245869268463743,"[{'round_number': 1, 'mae': 2.710814576994015, 'mse': 7.3485156708432395, 'rmse': 3.2529774923928176, 'mape': 1.8072097179960098}, {'round_number': 2, 'mae': 5.945052697355116, 'mse': 35.34365157432934, 'rmse': 7.134063236826139, 'mape': 3.963368464903411}, {'round_number': 3, 'mae': 3.317912217174909, 'mse': 11.00854148087852, 'rmse': 3.9814946606098904, 'mape': 2.211941478116606}, {'round_number': 4, 'mae': 8.67159868005938, 'mse': 75.19662366800759, 'rmse': 10.405918416071257, 'mape': 5.781065786706254}, {'round_number': 5, 'mae': 1.0, 'mse': 1.0, 'rmse': 1.2, 'mape': 0.6666666666666666}, {'round_number': 6, 'mae': 2.5592334881646046, 'mse': 6.549676046943169, 'rmse': 3.0710801857975256, 'mape': 1.706155658776403}, {'round_number': 7, 'mae': 6.093476485033605, 'mse': 37.1304556736575, 'rmse': 7.312171782040326, 'mape': 4.06231765668907}, {'round_number': 8, 'mae': 2.3969549773748655, 'mse': 5.7453931635621425, 'rmse': 2.8763459728498386, 'mape': 1.597969984916577}]"
42691cfd-63d1-5e58-8457-4ae2493d33ef,65b5568e-dadb-4d5a-8518-c4419fb33f6e,0,2026-06-01 12:00:00,participant_42691cfd@example.com,A,true,example.csv,24.0,2319,F,true,2.2730516800085727,false,"",0.0,Test City,8,[],[],[],17.589868741583913,321.5983275293961,17.933162786563784,11.726579161055943,"[{'round_number': 1, 'mae': 17.384118220107553, 'mse': 302.2075662906754, 'rmse': 20.860941864129064, 'mape': 11.589412146738368}, {'round_number': 2, 'mae': 24.348642425557912, 'mse': 592.8563879676786, 'rmse': 29.218370910669492, 'mape': 16.232428283705275}, {'round_number': 3, 'mae': 20.46235139971843, 'mse': 418.70782480555874, 'rmse': 24.554821679662115, 'mape': 13.641567599812285}, {'round_number': 4, 'mae': 13.700229585492435, 'mse': 187.69629069520224, 'rmse': 16.44027550259092, 'mape': 9.13348639032829}, {'round_number': 5, 'mae': 14.407233658053364, 'mse': 207.56838167774572, 'rmse': 17.288680389664037, 'mape': 9.604822438702243}, {'round_number': 6, 'mae': 15.813073477970882, 'mse': 250.05329281970612, 'rmse': 18.975688173565057, 'mape': 10.54204898531392}, {'round_number': 7, 'mae': 20.040505288240052, 'mse': 401.6218522079775, 'rmse': 24.04860634588806, 'mape': 13.3603368588267}, {'round_number': 8, 'mae': 14.56279587753068, 'mse': 212.0750237706246, 'rmse': 17.475355053036814, 'mape': 9.708530585020453}]"
42343b53-d570-54a8-819d-b200264bce91,e804da15-1256-4a14-86d9-d7a66ccd47aa,0,2026-06-01 12:00:00,participant_42343b53@example.com,A,true,example.csv,69.0,7394,F,false,,true,Type 1,23.417891227095343,Test City,8,[],[],[],16.773069273011796,295.4812090548613,17.18956686641235,11.182046182007864,"[{'round_number': 1, 'mae': 14.592636354717907, 'mse': 212.94503578103473, 'rmse': 17.51116362566149, 'mape': 9.728424236478604}, {'round_number': 2, 'mae': 13.296692128048162, 'mse': 176.80202154809797, 'rmse': 15.956030553657794, 'mape': 8.864461418698776}, {'round_number': 3, 'mae': 15.848956217105972, 'mse': 251.18941317174205, 'rmse': 19.018747460527166, 'mape': 10.56597081140398}, {'round_number': 4, 'mae': 11.254339891021697, 'mse': 126.66016638264227, 'rmse': 13.505207869226036, 'mape': 7.502893260681131}, {'round_number': 5, 'mae': 20.19538624356603, 'mse': 407.8536255268161, 'rmse': 24.234463492279236, 'mape': 13.463590829044021}, {'round_number': 6, 'mae': 16.05583449842261, 'mse': 257.78982144073757, 'rmse': 19.26700139810713, 'mape': 10.703889665615073}, {'round_number': 7, 'mae': 19.3898075905717, 'mse': 375.9646383993919, 'rmse': 23.26776910868604, 'mape': 12.926538393714466}, {'round_number': 8, 'mae': 23.550901260640284, 'mse': 554.6449501884281, 'rmse': 28.26108151276834, 'mape': 15.700600840426857}]"
42343b53-d570-54a8-819d-b200264bce91,a32fba59-6a8a-43d0-8599-8455901e71f4,1,2026-06-02 12:00:00,participant_42343b53@example.com,B,false,upload.csv,69.0,7394,M,false,,true,Type 1,23.417891227095343,Test City,8,[],[],[],16.315109989356245,275.8666521376462,16.609233941926586,10.876739992904163,"[{'round_number': 1, 'mae': 20.344772787571266, 'mse': 413.90977977790027, 'rmse': 24.41372734508552, 'mape': 13.563181858380844}, {'round_number': 2, 'mae': 13.372381152331702, 'mse': 178.82057768323614, 'rmse': 16.04685738279804, 'mape': 8.914920768221135}, {'round_number': 3, 'mae': 19.433532625602755, 'mse': 377.6621903103667, 'rmse': 23.320239150723307, 'mape': 12.955688417068503}, {'round_number': 4, 'mae': 20.299356748721987, 'mse': 412.0638844118849, 'rmse': 24.359228098466385, 'mape': 13.53290449914799}, {'round_number': 5, 'mae': 14.586716111884398, 'mse': 212.77228692870787, 'rmse': 17.504059334261278, 'mape': 9.724477407922931}, {'round_number': 6, 'mae': 13.965894896956662, 'mse': 195.04622027284015, 'rmse': 16.759073876347994, 'mape': 9.310596597971108}, {'round_number': 7, 'mae': 16.49670997415705, 'mse': 272.14143997145266, 'rmse': 19.796051968988458, 'mape': 10.997806649438033}, {'round_number': 8, 'mae': 12.021515617624129, 'mse': 144.51683774478084, 'rmse': 14.425818741148953, 'mape': 8.014343745082753}]"
a1e01d74-9445-54e7-a07d-5222d0ef3a62,23d24a68-a896-4731-a185-b2635af38df5,0,2026-06-01 12:00:00,participant_a1e01d74@example.com,A,true,example.csv,41.0,2469,F,true,11.536305114535857,false,"",0.0,Test City,8,[],[],[],4.824011353764428,26.999226664429198,5.196078007923784,3.2160075691762855,"[{'round_number': 1, 'mae': 4.191304507972497, 'mse': 17.567033478550574, 'rmse': 5.029565409566996, 'mape': 2.7942030053149978}, {'round_number': 2, 'mae': 4.31873872600795, 'mse': 18.651504183520775, 'rmse': 5.182486471209541, 'mape': 2.879159150671967}, {'round_number': 3, 'mae': 5.498372519427873, 'mse': 30.232100362399617, 'rmse': 6.598047023313447, 'mape': 3.665581679618582}, {'round_number': 4, 'mae': 5.81434570602451, 'mse': 33.806615989165664, 'rmse': 6.977214847229412, 'mape': 3.876230470683007}, {'round_number': 5, 'mae': 4.3591639561236555, 'mse': 19.00231039636764, 'rmse': 5.230996747348386, 'mape': 2.906109304082437}, {'round_number': 6, 'mae': 8.410658956309824, 'mse': 70.73918407935466, 'rmse': 10.092790747571788, 'mape': 5.607105970873216}, {'round_number': 7, 'mae': 1.0, 'mse': 1.0, 'rmse': 1.2, 'mape': 0.6666666666666666}, {'round_number': 8, 'mae': 4.999506458249118, 'mse': 24.99506482607464, 'rmse': 5.999407749898942, 'mape': 3.333004305499412}]"
a1e01d74-9445-54e7-a07d-5222d0ef3a62,f793dd49-339a-48be-9192-8657df102e08,1,2026-06-02 12:00:00,participant_a1e01d74@example.com,B,false,upload.csv,41.0,2469,M,true,11.536305114535857,false,"",0.0,Test City,8,[],[],[],2.5702377256714133,9.30196371994946,3.04991208397053,1.7134918171142755,"[{'round_number': 1, 'mae': 1.0, 'mse': 1.0, 'rmse': 1.2, 'mape': 0.6666666666666666}, {'round_number': 2, 'mae': 3.397540305430459, 'mse': 11.543280127024497, 'rmse': 4.077048366516551, 'mape': 2.2650268702869725}, {'round_number': 3, 'mae': 3.662279513838836, 'mse': 13.412291237483622, 'rmse': 4.394735416606603, 'mape': 2.4415196758925575}, {'round_number': 4, 'mae': 1.0, 'mse': 1.0, 'rmse': 1.2, 'mape': 0.6666666666666666}, {'round_number': 5, 'mae': 1.0771530103935227, 'mse': 1.1602586077998285, 'rmse': 1.2925836124722272, 'mape': 0.7181020069290152}, {'round_number': 6, 'mae': 5.377760169755533, 'mse': 28.920304443409055, 'rmse': 6.453312203706639, 'mape': 3.5851734465036884}, {'round_number': 7, 'mae': 4.047168805952957, 'mse': 16.379575343878685, 'rmse': 4.856602567143548, 'mape': 2.6981125373019714}, {'round_number': 8, 'mae': 1.0, 'mse': 1.0, 'rmse': 1.2, 'mape': 0.6666666666666666}]"
cc5557cf-2e66-5ed2-ac7e-35ef01406caa,3c8563ac-d9fa-48df-879e-78d5f70e9557,0,2026-06-01 12:00:00,participant_cc5557cf@example.com,A,true,example.csv,72.0,9244,F,true,5.625609669600867,true,Type 1,24.599812881750605,Test City,8,[],[],[],10.206670882485938,106.49159693119329,10.319476582229996,6.804447254990625,"[{'round_number': 1, 'mae': 12.618659928653113, 'mse': 159.23057839499577, 'rmse': 15.142391914383735, 'mape': 8.412439952435408}, {'round_number': 2, 'mae': 10.930144469836076, 'mse': 119.46805813148816, 'rmse': 13.116173363803291, 'mape': 7.286762979890717}, {'round_number': 3, 'mae': 9.642793541020136, 'mse': 92.98346727473967, 'rmse': 11.571352249224164, 'mape': 6.428529027346758}, {'round_number': 4, 'mae': 8.643381183468275, 'mse': 74.70803828273344, 'rmse': 10.37205742016193, 'mape': 5.762254122312183}, {'round_number': 5, 'mae': 9.629419933239229, 'mse': 92.72572825066499, 'rmse': 11.555303919887074, 'mape': 6.419613288826152}, {'round_number': 6, 'mae': 8.614775803874023, 'mse': 74.21436215101332, 'rmse': 10.337730964648827, 'mape': 5.743183869249349}, {'round_number': 7, 'mae': 12.501689116772539, 'mse': 156.29223077242895, 'rmse': 15.002026940127045, 'mape': 8.334459411181692}, {'round_number': 8, 'mae': 9.072503083024111, 'mse': 82.31031219148201, 'rmse': 10.887003699628933, 'mape': 6.048335388682741}]"
cc5557cf-2e66-5ed2-ac7e-35ef01406caa,a7634401-e469-4a89-ac0b-32a20e7683fe,1,2026-06-02 12:00:00,participant_cc5557cf@example.com,B,false,upload.csv,72.0,9244,M,true,5.625609669600867,true,Type 1,24.599812881750605,Test City,8,[],[],[],8.557180824733026,77.56443784261083,8.807067493928432,5.7047872164886835,"[{'round_number': 1, 'mae': 7.554466856791397, 'mse': 57.06996949035968, 'rmse': 9.065360228149675, 'mape': 5.036311237860931}, {'round_number': 2, 'mae': 5.271439332334328, 'mse': 27.788072634481388, 'rmse': 6.325727198801194, 'mape': 3.514292888222885}, {'round_number': 3, 'mae': 8.729151769680659, 'mse': 76.19809061811897, 'rmse': 10.47498212361679, 'mape': 5.819434513120439}, {'round_number': 4, 'mae': 6.19555637250456, 'mse': 38.38491876488187, 'rmse': 7.4346676470054724, 'mape': 4.1303709150030405}, {'round_number': 5, 'mae': 8.335670886634288, 'mse': 69.48340913028245, 'rmse': 10.002805063961146, 'mape': 5.5571139244228585}, {'round_number': 6, 'mae': 12.003368050986166, 'mse': 144.08084456743543, 'rmse': 14.404041661183399, 'mape': 8.002245367324111}, {'round_number': 7, 'mae': 9.975696051754948, 'mse': 99.51451171699925, 'rmse': 11.970835262105938, 'mape': 6.650464034503298}, {'round_number': 8, 'mae': 10.392097277177863, 'mse': 107.99568581832754, 'rmse': 12.470516732613435, 'mape': 6.928064851451908}]"
ce4646ab-b51d-5f92-98c3-f29b7ebe0233,3467faa8-6e86-488f-aa9f-fad2a141e010,0,2026-06-01 12:00:00,participant_ce4646ab@example.com,A,true,example.csv,51.0,9159,F,false,,false,"",0.0,Test City,8,[],[],[],23.1906249486304,542.7694213063141,23.29741233069274,15.460416632420268,"[{'round_number': 1, 'mae': 23.042378907016325, 'mse': 530.9512256945109, 'rmse': 27.65085468841959, 'mape': 15.361585938010883}, {'round_number': 2, 'mae': 22.500944951326215, 'mse': 506.2925237026127, 'rmse': 27.00113394159146, 'mape': 15.00062996755081}, {'round_number': 3, 'mae': 25.70171462553043, 'mse': 660.5781346922047, 'rmse': 30.84205755063651, 'mape': 17.134476417020284}, {'round_number': 4, 'mae': 20.171644171166466, 'mse': 406.8952285681541, 'rmse': 24.20597300539976, 'mape': 13.447762780777644}, {'round_number': 5, 'mae': 27.446531357707848, 'mse': 753.3120835696402, 'rmse': 32.93583762924941, 'mape': 18.29768757180523}, {'round_number': 6, 'mae': 23.526597787085667, 'mse': 553.5008034353042, 'rmse': 28.2319173445028, 'mape': 15.684398524723777}, {'round_number': 7, 'mae': 21.178262427299092, 'mse': 448.51879943954845, 'rmse': 25.41391491275891, 'mape': 14.118841618199395}, {'round_number': 8, 'mae': 21.956925361911175, 'mse': 482.1065713485382, 'rmse': 26.34831043429341, 'mape': 14.637950241274117}]"
788bc277-e52b-5796-b9ae-3f820d87b690,6ae8f53e-46c9-493a-a99d-952f72d8966a,0,2026-06-01 12:00:00,participant_788bc277@example.com,A,true,example.csv,28.0,4787,F,true,7.072614329983802,true,Type 1,9.922996052287397,Test City,8,[],[],[],13.209215609714326,185.6661772477865,13.62593766490169,8.806143739809551,"[{'round_number': 1, 'mae': 8.433463864055794, 'mse': 71.12331274633488, 'rmse': 10.120156636866952, 'mape': 5.622309242703863}, {'round_number': 2, 'mae': 13.058034177120632, 'mse': 170.5122565708505, 'rmse': 15.669641012544758, 'mape': 8.705356118080422}, {'round_number': 3, 'mae': 9.225466135399344, 'mse': 85.1092254154001, 'rmse': 11.070559362479212, 'mape': 6.150310756932896}, {'round_number': 4, 'mae': 15.131423103580346, 'mse': 228.95996513956507, 'rmse': 18.157707724296415, 'mape': 10.087615402386897}, {'round_number': 5, 'mae': 18.42850359041225, 'mse': 339.6097445818373, 'rmse': 22.114204308494703, 'mape': 12.285669060274834}, {'round_number': 6, 'mae': 17.194309056095335, 'mse': 295.64426391652205, 'rmse': 20.6331708673144, 'mape': 11.462872704063557}, {'round_number': 7, 'mae': 11.238261140456588, 'mse': 126.29851346109662, 'rmse': 13.485913368547905, 'mape': 7.4921740936377255}, {'round_number': 8, 'mae': 12.964263810594318, 'mse': 168.0721361506855, 'rmse': 15.55711657271318, 'mape': 8.642842540396211}]"
788bc277-e52b-5796-b9ae-3f820d87b690,451e7692-5588-49aa-915d-5aadf224256e,1,2026-06-02 12:00:00,participant_788bc277@example.com,B,false,upload.csv,28.0,4787,M,true,7.072614329983802,true,Type 1,9.922996052287397,Test City,8,[],[],[],13.220980557856803,180.84252597758675,13.44777029762134,8.813987038571202,"[{'round_number': 1, 'mae': 15.781602152596633, 'mse': 249.0589665028427, 'rmse': 18.93792258311596, 'mape': 10.521068101731089}, {'round_number': 2, 'mae': 11.401235772099579, 'mse': 129.98817713100308, 'rmse': 13.681482926519495, 'mape': 7.600823848066386}, {'round_number': 3, 'mae': 10.458057623798753, 'mse': 109.37096926269523, 'rmse': 12.549669148558504, 'mape': 6.9720384158658355}, {'round_number': 4, 'mae': 13.61388922947725, 'mse': 185.33797995247667, 'rmse': 16.3366670753727, 'mape': 9.075926152984833}, {'round_number': 5, 'mae': 17.80392492218705, 'mse': 316.97974263487316, 'rmse': 21.36470990662446, 'mape': 11.869283281458033}, {'round_number': 6, 'mae': 14.335421378635793, 'mse': 205.50430610304815, 'rmse': 17.20250565436295, 'mape': 9.556947585757195}, {'round_number': 7, 'mae': 10.863947310208314, 'mse': 118.02535115898246, 'rmse': 13.036736772249975, 'mape': 7.242631540138876}, {'round_number': 8, 'mae': 11.509766073851047, 'mse': 132.47471507477255, 'rmse': 13.811719288621257, 'mape': 7.673177382567364}]"
eb56b4d5-0a26-5b26-b9f6-d475904ab8af,f80a6223-8023-408c-a3bb-c954c9b8c61c,0,2026-06-01 12:00:00,participant_eb56b4d5@example.com,A,true,example.csv,43.0,7502,F,true,9.478522928701652,false,"",0.0,Test City,8,[],[],[],12.886719585224162,174.10541108961922,13.194900950352725,8.591146390149442,"[{'round_number': 1, 'mae': 12.915144092946985, 'mse': 166.8009469415834, 'rmse': 15.49817291153638, 'mape': 8.610096061964656}, {'round_number': 2, 'mae': 9.916163154089482, 'mse': 98.33029169852186, 'rmse': 11.899395784907378, 'mape': 6.6107754360596545}, {'round_number': 3, 'mae': 12.573409585373637, 'mse': 158.09062860156567, 'rmse': 15.088091502448364, 'mape': 8.382273056915759}, {'round_number': 4, 'mae': 13.046165962455115, 'mse': 170.2024463199224, 'rmse': 15.655399154946137, 'mape': 8.697443974970076}, {'round_number': 5, 'mae': 19.78090880812765, 'mse': 391.28435327546197, 'rmse': 23.737090569753178, 'mape': 13.187272538751765}, {'round_number': 6, 'mae': 10.204646858509143, 'mse': 104.13481750688052, 'rmse': 12.245576230210972, 'mape': 6.803097905672762}, {'round_number': 7, 'mae': 12.392430046566039, 'mse': 153.57232245903276, 'rmse': 14.870916055879245, 'mape': 8.261620031044027}, {'round_number': 8, 'mae': 12.264888173725245, 'mse': 150.42748191398536, 'rmse': 14.717865808470293, 'mape': 8.17659211581683}]"
eb56b4d5-0a26-5b26-b9f6-d475904ab8af,d6111623-b714-4a4d-9023-b756b2ff3db0,1,2026-06-02 12:00:00,participant_eb56b4d5@example.com,B,false,upload.csv,43.0,7502,M,true,9.478522928701652,false,"",0.0,Test City,8,[],[],[],7.217456811865721,58.42655960732213,7.643726814016977,4.811637874577147,"[{'round_number': 1, 'mae': 9.209123875657003, 'mse': 84.80796255719585, 'rmse': 11.050948650788403, 'mape': 6.139415917104668}, {'round_number': 2, 'mae': 11.037365270281878, 'mse': 121.82343210962456, 'rmse': 13.244838324338254, 'mape': 7.358243513521252}, {'round_number': 3, 'mae': 6.425741770651044, 'mse': 41.290157303089615, 'rmse': 7.710890124781252, 'mape': 4.283827847100696}, {'round_number': 4, 'mae': 5.433136185215917, 'mse': 29.518968807102564, 'rmse': 6.5197634222591, 'mape': 3.6220907901439445}, {'round_number': 5, 'mae': 2.975060427736045, 'mse': 8.850984548680978, 'rmse': 3.570072513283254, 'mape': 1.9833736184906965}, {'round_number': 6, 'mae': 5.1185787851224696, 'mse': 26.199848779505817, 'rmse': 6.1422945421469635, 'mape': 3.412385856748313}, {'round_number': 7, 'mae': 9.506514779260794, 'mse': 90.37382324830389, 'rmse': 11.407817735112951, 'mape': 6.337676519507196}, {'round_number': 8, 'mae': 8.034133401000618, 'mse': 64.54729950507377, 'rmse': 9.640960081200742, 'mape': 5.356088934000412}]"
377fa4a0-45ba-5257-8d3f-15ede9a067be,0b02724a-7a3c-42dd-b3d0-ddbd449d5b61,0,2026-06-01 12:00:00,participant_377fa4a0@example.com,A,true,example.csv,39.0,8837,F,false,,true,Type 1,10.271806518812964,Test City,8,[],[],[],14.896614206883996,233.2492076277019,15.272498408174803,9.931076137922664,"[{'round_number': 1, 'mae': 14.80493775482354, 'mse': 219.18618192419947, 'rmse': 17.765925305788247, 'mape': 9.869958503215694}, {'round_number': 2, 'mae': 15.833800640365494, 'mse': 250.70924271883874, 'rmse': 19.000560768438593, 'mape': 10.555867093576996}, {'round_number': 3, 'mae': 11.12981661331849, 'mse': 123.87281784610025, 'rmse': 13.355779935982186, 'mape': 7.419877742212326}, {'round_number': 4, 'mae': 13.130963406625286, 'mse': 172.42219998613234, 'rmse': 15.757156087950342, 'mape': 8.753975604416857}, {'round_number': 5, 'mae': 21.438267787875652, 'mse': 459.5993257446668, 'rmse': 25.725921345450782, 'mape': 14.292178525250435}, {'round_number': 6, 'mae': 10.020698795254582, 'mse': 100.41440434521662, 'rmse': 12.024838554305498, 'mape': 6.680465863503055}, {'round_number': 7, 'mae': 15.571713155437036, 'mse': 242.47825059521088, 'rmse': 18.68605578652444, 'mape': 10.381142103624692}, {'round_number': 8, 'mae': 17.242715501371883, 'mse': 297.3112378612502, 'rmse': 20.691258601646258, 'mape': 11.495143667581255}]"
377fa4a0-45ba-5257-8d3f-15ede9a067be,82a35dac-3469-4c3b-8f31-e53e1ebe79b1,1,2026-06-02 12:00:00,participant_377fa4a0@example.com,B,false,upload.csv,39.0,8837,M,false,,true,Type 1,10.271806518812964,Test City,8,[],[],[],11.782300698879117,142.04691216921114,11.918343516160757,7.854867132586079,"[{'round_number': 1, 'mae': 12.238339167990386, 'mse': 149.7769455907676, 'rmse': 14.686007001588463, 'mape': 8.158892778660258}, {'round_number': 2, 'mae': 10.936914333875306, 'mse': 119.61609514652713, 'rmse': 13.124297200650366, 'mape': 7.291276222583537}, {'round_number': 3, 'mae': 13.178151306809502, 'mse': 173.66367186516499, 'rmse': 15.813781568171402, 'mape': 8.785434204539667}, {'round_number': 4, 'mae': 13.34649069946466, 'mse': 178.12881399089667, 'rmse': 16.01578883935759, 'mape': 8.897660466309773}, {'round_number': 5, 'mae': 13.115034689175799, 'mse': 172.00413489828455, 'rmse': 15.738041627010958, 'mape': 8.743356459450533}, {'round_number': 6, 'mae': 7.728250540515151, 'mse': 59.725856416972725, 'rmse': 9.27390064861818, 'mape': 5.1521670270101}, {'round_number': 7, 'mae': 12.91917602010531, 'mse': 166.90510903846408, 'rmse': 15.503011224126372, 'mape': 8.61278401340354}, {'round_number': 8, 'mae': 10.79604883309683, 'mse': 116.55467040661142, 'rmse': 12.955258599716196, 'mape': 7.19736588873122}]"
9f92aabb-eaab-594d-b282-015fdeec5a3f,bcd314e5-a659-4e94-95d8-aee2016ed5f2,0,2026-06-01 12:00:00,participant_9f92aabb@example.com,A,true,example.csv,70.0,2542,F,true,8.490352444419727,false,"",0.0,Test City,8,[],[],[],18.276015336462574,338.2767567420964,18.392301561851806,12.184010224308382,"[{'round_number': 1, 'mae': 19.20209007832354, 'mse': 368.7202633760513, 'rmse': 23.042508093988246, 'mape': 12.801393385549027}, {'round_number': 2, 'mae': 15.022518904661256, 'mse': 225.67607424090482, 'rmse': 18.027022685593508, 'mape': 10.015012603107504}, {'round_number': 3, 'mae': 19.28376640575827, 'mse': 371.8636467918513, 'rmse': 23.140519686909926, 'mape': 12.855844270505514}, {'round_number': 4, 'mae': 20.032940673469895, 'mse': 401.31871202676444, 'rmse': 24.039528808163872, 'mape': 13.355293782313263}, {'round_number': 5, 'mae': 19.9216718492361, 'mse': 396.873009268646, 'rmse': 23.906006219083316, 'mape': 13.281114566157399}, {'round_number': 6, 'mae': 20.681061892032222, 'mse': 427.7063209820674, 'rmse': 24.817274270438666, 'mape': 13.787374594688147}, {'round_number': 7, 'mae': 16.074710557841186, 'mse': 258.3963195183709, 'rmse': 19.289652669409424, 'mape': 10.716473705227457}, {'round_number': 8, 'mae': 15.989362330378134, 'mse': 255.65970773211527, 'rmse': 19.187234796453758, 'mape': 10.659574886918756}]"
e17eb855-3d73-53c2-bf46-727c20bcf016,70fbeec9-6785-45ae-80a5-ef7ed03b5b06,0,2026-06-01 12:00:00,participant_e17eb855@example.com,A,true,example.csv,63.0,1798,F,true,6.356532431377275,true,Type 1,14.21474536565487,Test City,8,[],[],[],7.500051651834278,62.875919279897005,7.929433730090504,5.000034434556185,"[{'round_number': 1, 'mae': 2.9783959102254656, 'mse': 8.870842198047779, 'rmse': 3.5740750922705584, 'mape': 1.9855972734836438}, {'round_number': 2, 'mae': 5.531306336511578, 'mse': 30.595349788333138, 'rmse': 6.637567603813894, 'mape': 3.6875375576743856}, {'round_number': 3, 'mae': 8.141457465549855, 'mse': 66.28332966335748, 'rmse': 9.769748958659827, 'mape': 5.427638310366571}, {'round_number': 4, 'mae': 10.868298776202028, 'mse': 118.11991828879451, 'rmse': 13.041958531442434, 'mape': 7.2455325174680185}, {'round_number': 5, 'mae': 11.173019022145352, 'mse': 124.83635406922188, 'rmse': 13.407622826574423, 'mape': 7.448679348096902}, {'round_number': 6, 'mae': 7.961959828933467, 'mse': 63.392804317550244, 'rmse': 9.55435179472016, 'mape': 5.307973219288978}, {'round_number': 7, 'mae': 7.635074182234292, 'mse': 58.29435776822064, 'rmse': 9.16208901868115, 'mape': 5.090049454822862}, {'round_number': 8, 'mae': 5.7109016928721825, 'mse': 32.61439814565036, 'rmse': 6.853082031446619, 'mape': 3.8072677952481215}]"
e17eb855-3d73-53c2-bf46-727c20bcf016,4341639e-3d78-4116-b194-e67bb9d9ecd2,1,2026-06-02 12:00:00,participant_e17eb855@example.com,B,false,upload.csv,63.0,1798,M,true,6.356532431377275,true,Type 1,14.21474536565487,Test City,8,[],[],[],5.565637343669258,40.5903735858102,6.371057493525718,3.7104248957795054,"[{'round_number': 1, 'mae': 7.273848388119344, 'mse': 52.908870373346375, 'rmse': 8.728618065743213, 'mape': 4.8492322587462295}, {'round_number': 2, 'mae': 5.324044895668312, 'mse': 28.345454051091803, 'rmse': 6.388853874801974, 'mape': 3.5493632637788743}, {'round_number': 3, 'mae': 7.884432514637939, 'mse': 62.16427607787993, 'rmse': 9.461319017565526, 'mape': 5.256288343091959}, {'round_number': 4, 'mae': 11.321839309568812, 'mse': 128.1840453516976, 'rmse': 13.586207171482574, 'mape': 7.547892873045875}, {'round_number': 5, 'mae': 5.969654025405486, 'mse': 35.636769183039924, 'rmse': 7.163584830486583, 'mape': 3.979769350270324}, {'round_number': 6, 'mae': 1.5747154746687118, 'mse': 2.4797288261611063, 'rmse': 1.889658569602454, 'mape': 1.049810316445808}, {'round_number': 7, 'mae': 3.4842275681043846, 'mse': 12.139841746338593, 'rmse': 4.181073081725262, 'mape': 2.3228183787362564}, {'round_number': 8, 'mae': 1.692336573181075, 'mse': 2.8640030769262643, 'rmse': 2.03080388781729, 'mape': 1.1282243821207167}]"
ca31bd20-26c7-5fe0-a98a-332e0b16e16c,3426be64-9ec6-4910-a733-6885ee14b225,0,2026-06-01 12:00:00,participant_ca31bd20@example.com,A,true,example.csv,74.0,7838,F,false,,false,"",0.0,Test City,8,[],[],[],17.03600708603566,295.9990235925673,17.20462215779723,11.357338057357106,"[{'round_number': 1, 'mae': 17.891539962715534, 'mse': 320.107202237447, 'rmse': 21.46984795525864, 'mape': 11.927693308477023}, {'round_number': 2, 'mae': 12.651037947612807, 'mse': 160.04876115193926, 'rmse': 15.181245537135368, 'mape': 8.434025298408537}, {'round_number': 3, 'mae': 19.172457740430453, 'mse': 367.5831358085916, 'rmse': 23.00694928851654, 'mape': 12.781638493620301}, {'round_number': 4, 'mae': 20.992685864576732, 'mse': 440.6928598087997, 'rmse': 25.191223037492076, 'mape': 13.99512390971782}, {'round_number': 5, 'mae': 16.1319375700325, 'mse': 260.239409763426, 'rmse': 19.358325084039, 'mape': 10.754625046688332}, {'round_number': 6, 'mae': 15.183588724929427, 'mse': 230.54136656780403, 'rmse': 18.22030646991531, 'mape': 10.122392483286285}, {'round_number': 7, 'mae': 16.19942810488524, 'mse': 262.4214709253458, 'rmse': 19.439313725862288, 'mape': 10.79961873659016}, {'round_number': 8, 'mae': 18.0653807731026, 'mse': 326.3579824771851, 'rmse': 21.67845692772312, 'mape': 12.0435871820684}]"
ca31bd20-26c7-5fe0-a98a-332e0b16e16c,8ea32a9b-efd4-44b5-96fe-6295b038b096,1,2026-06-02 12:00:00,participant_ca31bd20@example.com,B,false,upload.csv,74.0,7838,M,false,,false,"",0.0,Test City,8,[],[],[],16.983007001663346,295.97329989751796,17.203874560619127,11.322004667775564,"[{'round_number': 1, 'mae': 17.18485216611812, 'mse': 295.3191439713346, 'rmse': 20.621822599341744, 'mape': 11.456568110745414}, {'round_number': 2, 'mae': 18.811592229469706, 'mse': 353.87600220784503, 'rmse': 22.573910675363646, 'mape': 12.541061486313138}, {'round_number': 3, 'mae': 18.902376333088505, 'mse': 357.29983103770445, 'rmse': 22.682851599706204, 'mape': 12.601584222059003}, {'round_number': 4, 'mae': 18.82115326002994, 'mse': 354.2358100375357, 'rmse': 22.58538391203593, 'mape': 12.547435506686627}, {'round_number': 5, 'mae': 19.350706010689223, 'mse': 374.449823112124, 'rmse': 23.220847212827067, 'mape': 12.900470673792816}, {'round_number': 6, 'mae': 17.249105084750067, 'mse': 297.5316262247506, 'rmse': 20.698926101700078, 'mape': 11.499403389833377}, {'round_number': 7, 'mae': 10.672221902353048, 'mse': 113.89632033306411, 'rmse': 12.806666282823658, 'mape': 7.114814601568699}, {'round_number': 8, 'mae': 14.87204902680815, 'mse': 221.17784225578527, 'rmse': 17.84645883216978, 'mape': 9.914699351205433}]"
1f4a580b-2a95-57df-afd4-16fff7ddce7f,341819de-e5c6-43fe-b614-5d594b12a2d6,0,2026-06-01 12:00:00,participant_1f4a580b@example.com,A,true,example.csv,43.0,9915,F,true,5.627453270525766,true,Type 1,4.815476744862574,Test City,8,[],[],[],11.158310803437669,136.7556856978056,11.694258663883128,7.438873868958446,"[{'round_number': 1, 'mae': 14.918738289635474, 'mse': 222.5687521546356, 'rmse': 17.902485947562568, 'mape': 9.945825526423649}, {'round_number': 2, 'mae': 12.583854220737301, 'mse': 158.35338704876798, 'rmse': 15.10062506488476, 'mape': 8.3892361471582}, {'round_number': 3, 'mae': 11.24360264391943, 'mse': 126.41860041435201, 'rmse': 13.492323172703317, 'mape': 7.495735095946287}, {'round_number': 4, 'mae': 13.365968565697806, 'mse': 178.64911569922185, 'rmse': 16.039162278837367, 'mape': 8.910645710465204}, {'round_number': 5, 'mae': 13.773444009324443, 'mse': 189.7077598779954, 'rmse': 16.52813281118933, 'mape': 9.182296006216296}, {'round_number': 6, 'mae': 11.608948724236374, 'mse': 134.76769048194933, 'rmse': 13.930738469083648, 'mape': 7.739299149490916}, {'round_number': 7, 'mae': 3.2128570346354053, 'mse': 10.32245032500621, 'rmse': 3.855428441562486, 'mape': 2.1419046897569367}, {'round_number': 8, 'mae': 8.559072939315122, 'mse': 73.25772958051641, 'rmse': 10.270887527178147, 'mape': 5.706048626210081}]"
1f4a580b-2a95-57df-afd4-16fff7ddce7f,2abda5f8-ad86-44c0-9f2e-cd5ffb3d3be5,1,2026-06-02 12:00:00,participant_1f4a580b@example.com,B,false,upload.csv,43.0,9915,M,true,5.627453270525766,true,Type 1,4.815476744862574,Test City,8,[],[],[],7.093245805862689,59.850257267968445,7.736294802291885,4.728830537241793,"[{'round_number': 1, 'mae': 5.758398982622047, 'mse': 33.15915884306263, 'rmse': 6.910078779146457, 'mape': 3.838932655081365}, {'round_number': 2, 'mae': 4.1755336860175705, 'mse': 17.435081563067477, 'rmse': 5.010640423221084, 'mape': 2.7836891240117136}, {'round_number': 3, 'mae': 7.724168673117921, 'mse': 59.662781690776264, 'rmse': 9.269002407741505, 'mape': 5.149445782078614}, {'round_number': 4, 'mae': 10.704742769911, 'mse': 114.59151776996184, 'rmse': 12.8456913238932, 'mape': 7.136495179940667}, {'round_number': 5, 'mae': 5.67341961573577, 'mse': 32.18769013621541, 'rmse': 6.808103538882924, 'mape': 3.7822797438238465}, {'round_number': 6, 'mae': 3.7236383623443547, 'mse': 13.865482653522548, 'rmse': 4.468366034813226, 'mape': 2.4824255748962365}, {'round_number': 7, 'mae': 13.212240804088474, 'mse': 174.56330706522044, 'rmse': 15.854688964906167, 'mape': 8.808160536058983}, {'round_number': 8, 'mae': 5.773823553064375, 'mse': 33.33703842192092, 'rmse': 6.928588263677249, 'mape': 3.8492157020429167}]"
e46ea5ad-142d-5613-8f5d-76f49199931b,bfa3e3fd-2f08-4f17-b709-0fd0a72ed10b,0,2026-06-01 12:00:00,participant_e46ea5ad@example.com,A,true,example.csv,62.0,4566,F,true,7.505876600893566,false,"",0.0,Test City,8,[],[],[],16.693833498753854,282.38612202478214,16.804348307053807,11.12922233250257,"[{'round_number': 1, 'mae': 14.833208089074388, 'mse': 220.02406221378186, 'rmse': 17.799849706889265, 'mape': 9.88880539271626}, {'round_number': 2, 'mae': 19.319719081881207, 'mse': 373.2515454028048, 'rmse': 23.18366289825745, 'mape': 12.879812721254138}, {'round_number': 3, 'mae': 15.486400043256387, 'mse': 239.82858629977142, 'rmse': 18.583680051907663, 'mape': 10.324266695504258}, {'round_number': 4, 'mae': 14.179505611945242, 'mse': 201.0583793991866, 'rmse': 17.015406734334288, 'mape': 9.453003741296827}, {'round_number': 5, 'mae': 17.484130963690987, 'mse': 305.69483555549795, 'rmse': 20.980957156429184, 'mape': 11.656087309127324}, {'round_number': 6, 'mae': 19.26066528949126, 'mse': 370.9732273938135, 'rmse': 23.11279834738951, 'mape': 12.840443526327507}, {'round_number': 7, 'mae': 15.04680388453231, 'mse': 226.4063071395766, 'rmse': 18.05616466143877, 'mape': 10.031202589688206}, {'round_number': 8, 'mae': 17.940235026159062, 'mse': 321.85203279382443, 'rmse': 21.528282031390873, 'mape': 11.96015668410604}]"
3fc43011-aef2-5dda-9a13-e440fc319f66,e62e426c-cf62-4d9a-8cb7-0220f20de456,0,2026-06-01 12:00:00,participant_3fc43011@example.com,A,true,example.csv,24.0,5724,F,false,,true,Type 1,21.82276639859776,Test City,8,[],[],[],12.602660916100092,162.4869370159916,12.747036401297033,8.401773944066727,"[{'round_number': 1, 'mae': 11.735307450241313, 'mse': 137.71744095168927, 'rmse': 14.082368940289575, 'mape': 7.823538300160876}, {'round_number': 2, 'mae': 11.5120603045411, 'mse': 132.5275324553909, 'rmse': 13.81447236544932, 'mape': 7.674706869694067}, {'round_number': 3, 'mae': 14.057341650167285, 'mse': 197.60885426952788, 'rmse': 16.86880998020074, 'mape': 9.371561100111522}, {'round_number': 4, 'mae': 14.574318015179479, 'mse': 212.4107456075851, 'rmse': 17.489181618215373, 'mape': 9.716212010119653}, {'round_number': 5, 'mae': 15.693393238418146, 'mse': 246.28259133562838, 'rmse': 18.832071886101776, 'mape': 10.46226215894543}, {'round_number': 6, 'mae': 12.878301520963443, 'mse': 165.85065006484933, 'rmse': 15.453961825156131, 'mape': 8.585534347308963}, {'round_number': 7, 'mae': 10.091157146284194, 'mse': 101.83145255100257, 'rmse': 12.109388575541033, 'mape': 6.727438097522796}, {'round_number': 8, 'mae': 10.279408003005782, 'mse': 105.66622889225933, 'rmse': 12.335289603606938, 'mape': 6.852938668670522}]"
3fc43011-aef2-5dda-9a13-e440fc319f66,96ccdde2-617b-416c-afe9-5bd3c8f03ece,1,2026-06-02 12:00:00,participant_3fc43011@example.com,B,false,upload.csv,24.0,5724,M,false,,true,Type 1,21.82276639859776,Test City,8,[],[],[],9.621361581706001,99.56682832884495,9.978317910792628,6.414241054470668,"[{'round_number': 1, 'mae': 9.5891152853854, 'mse': 91.95113195641193, 'rmse': 11.50693834246248, 'mape': 6.3927435235902665}, {'round_number': 2, 'mae': 9.802855324558575, 'mse': 96.0959725142264, 'rmse': 11.76342638947029, 'mape': 6.53523688303905}, {'round_number': 3, 'mae': 12.254308534824835, 'mse': 150.1680776666808, 'rmse': 14.705170241789801, 'mape': 8.169539023216556}, {'round_number': 4, 'mae': 9.31544707899144, 'mse': 86.77755428149015, 'rmse': 11.178536494789727, 'mape': 6.21029805266096}, {'round_number': 5, 'mae': 11.240660508508567, 'mse': 126.35244866754407, 'rmse': 13.48879261021028, 'mape': 7.493773672339045}, {'round_number': 6, 'mae': 12.610468817087224, 'mse': 159.02392378672926, 'rmse': 15.132562580504668, 'mape': 8.406979211391482}, {'round_number': 7, 'mae': 8.55455734632867, 'mse': 73.18045139162581, 'rmse': 10.265468815594403, 'mape': 5.70303823088578}, {'round_number': 8, 'mae': 3.603479757963295, 'mse': 12.985066366051207, 'rmse': 4.324175709555954, 'mape': 2.4023198386421964}]"
7e9d9706-cebf-5d92-9471-841c2cc36db3,2354ad4e-aa4d-4351-9054-b4529b80864e,0,2026-06-01 12:00:00,participant_7e9d9706@example.com,A,true,example.csv,54.0,7105,F,true,8.765350849834261,false,"",0.0,Test City,8,[],[],[],11.044383751109343,127.69169303761038,11.300074912920284,7.362922500739562,"[{'round_number': 1, 'mae': 7.200422402817425, 'mse': 51.84608277899506, 'rmse': 8.64050688338091, 'mape': 4.800281601878283}, {'round_number': 2, 'mae': 13.438172883541116, 'mse': 180.58449044793974, 'rmse': 16.125807460249337, 'mape': 8.958781922360744}, {'round_number': 3, 'mae': 11.499843921995872, 'mse': 132.2464102302654, 'rmse': 13.799812706395047, 'mape': 7.666562614663914}, {'round_number': 4, 'mae': 14.88845556782139, 'mse': 221.66610919499175, 'rmse': 17.86614668138567, 'mape': 9.92563704521426}, {'round_number': 5, 'mae': 12.751929645767767, 'mse': 162.61170969061084, 'rmse': 15.30231557492132, 'mape': 8.501286430511845}, {'round_number': 6, 'mae': 9.435537403664046, 'mse': 89.02936609594325, 'rmse': 11.322644884396855, 'mape': 6.2903582691093645}, {'round_number': 7, 'mae': 9.142556836124442, 'mse': 83.58634550176576, 'rmse': 10.97106820334933, 'mape': 6.095037890749627}, {'round_number': 8, 'mae': 9.998151347142688, 'mse': 99.96303036037115, 'rmse': 11.997781616571226, 'mape': 6.665434231428459}]"
7e9d9706-cebf-5d92-9471-841c2cc36db3,89410166-ae80-4249-aed0-0ac3a40305b4,1,2026-06-02 12:00:00,participant_7e9d9706@example.com,B,false,upload.csv,54.0,7105,M,true,8.765350849834261,false,"",0.0,Test City,8,[],[],[],5.450905458052883,36.75588623929637,6.062663295887078,3.6339369720352557,"[{'round_number': 1, 'mae': 6.286911324239795, 'mse': 39.52525399885457, 'rmse': 7.544293589087753, 'mape': 4.191274216159863}, {'round_number': 2, 'mae': 4.168897455172974, 'mse': 17.379705991747702, 'rmse': 5.002676946207569, 'mape': 2.779264970115316}, {'round_number': 3, 'mae': 5.663243575777259, 'mse': 32.0723277985824, 'rmse': 6.795892290932711, 'mape': 3.7754957171848393}, {'round_number': 4, 'mae': 10.589088654550407, 'mse': 112.12879853392815, 'rmse': 12.706906385460488, 'mape': 7.059392436366938}, {'round_number': 5, 'mae': 1.0, 'mse': 1.0, 'rmse': 1.2, 'mape': 0.6666666666666666}, {'round_number': 6, 'mae': 6.536592887123806, 'mse': 42.72704657199753, 'rmse': 7.843911464548567, 'mape': 4.357728591415871}, {'round_number': 7, 'mae': 3.0402700506009577, 'mse': 9.24324198058115, 'rmse': 3.648324060721149, 'mape': 2.0268467004006383}, {'round_number': 8, 'mae': 6.322239716957865, 'mse': 39.970715038679465, 'rmse': 7.586687660349438, 'mape': 4.2148264779719105}]"
885351d1-0e47-5ebf-874b-680633c45a8d,729aff07-7b6a-4e37-a2bc-a2649562c90f,0,2026-06-01 12:00:00,participant_885351d1@example.com,A,true,example.csv,36.0,3504,F,true,8.192616455844142,true,Type 1,9.909882226387177,Test City,8,[],[],[],5.065280826397011,32.04263208949009,5.660621175232458,3.376853884264674,"[{'round_number': 1, 'mae': 3.1906122720556525, 'mse': 10.180006670592133, 'rmse': 3.8287347264667826, 'mape': 2.127074848037102}, {'round_number': 2, 'mae': 6.867224209377095, 'mse': 47.15876834185487, 'rmse': 8.240669051252514, 'mape': 4.578149472918064}, {'round_number': 3, 'mae': 5.547344287929409, 'mse': 30.773028648823043, 'rmse': 6.656813145515291, 'mape': 3.6982295252862727}, {'round_number': 4, 'mae': 1.0, 'mse': 1.0, 'rmse': 1.2, 'mape': 0.6666666666666666}, {'round_number': 5, 'mae': 2.7318076355893357, 'mse': 7.462772957864197, 'rmse': 3.278169162707203, 'mape': 1.8212050903928905}, {'round_number': 6, 'mae': 5.661525103806206, 'mse': 32.05286650102788, 'rmse': 6.793830124567448, 'mape': 3.7743500692041376}, {'round_number': 7, 'mae': 9.661928244707378, 'mse': 93.35285740587419, 'rmse': 11.594313893648852, 'mape': 6.441285496471585}, {'round_number': 8, 'mae': 5.861804857711012, 'mse': 34.36075618988441, 'rmse': 7.034165829253214, 'mape': 3.9078699051406747}]"
885351d1-0e47-5ebf-874b-680633c45a8d,e82c704d-3262-459d-894d-bb17ea7558eb,1,2026-06-02 12:00:00,participant_885351d1@example.com,B,false,upload.csv,36.0,3504,M,true,8.192616455844142,true,Type 1,9.909882226387177,Test City,8,[],[],[],4.070521984503512,23.40879812931894,4.838263958210521,2.713681323002341,"[{'round_number': 1, 'mae': 3.7730876393122195, 'mse': 14.236190333930658, 'rmse': 4.5277051671746635, 'mape': 2.5153917595414796}, {'round_number': 2, 'mae': 1.0, 'mse': 1.0, 'rmse': 1.2, 'mape': 0.6666666666666666}, {'round_number': 3, 'mae': 7.2934400895704705, 'mse': 53.19426834015371, 'rmse': 8.752128107484564, 'mape': 4.86229339304698}, {'round_number': 4, 'mae': 8.421230985564348, 'mse': 70.91713131222907, 'rmse': 10.105477182677218, 'mape': 5.614153990376232}, {'round_number': 5, 'mae': 3.0857251293719252, 'mse': 9.521699574037385, 'rmse': 3.70287015524631, 'mape': 2.05715008624795}, {'round_number': 6, 'mae': 2.340728855339653, 'mse': 5.479011574219681, 'rmse': 2.8088746264075835, 'mape': 1.5604859035597685}, {'round_number': 7, 'mae': 1.0, 'mse': 1.0, 'rmse': 1.2, 'mape': 0.6666666666666666}, {'round_number': 8, 'mae': 5.649963176869475, 'mse': 31.92208389998101, 'rmse': 6.77995581224337, 'mape': 3.7666421179129834}]"
f02b2d28-7209-5349-b271-b5a9a4088c27,49b64861-8c16-4fdf-8c42-d2a4f9f83c0f,0,2026-06-01 12:00:00,participant_f02b2d28@example.com,A,true,example.csv,56.0,1267,F,false,,false,"",0.0,Test City,8,[],[],[],33.51185573662927,1130.5084312265897,33.62303423587154,22.341237157752847,"[{'round_number': 1, 'mae': 36.60022785722928, 'mse': 1339.576679201102, 'rmse': 43.92027342867513, 'mape': 24.40015190481952}, {'round_number': 2, 'mae': 34.435379183894185, 'mse': 1185.795339538573, 'rmse': 41.32245502067302, 'mape': 22.956919455929455}, {'round_number': 3, 'mae': 29.85406964306342, 'mse': 891.2654742528807, 'rmse': 35.824883571676104, 'mape': 19.902713095375614}, {'round_number': 4, 'mae': 36.819135195829276, 'mse': 1355.648716568754, 'rmse': 44.18296223499513, 'mape': 24.54609013055285}, {'round_number': 5, 'mae': 29.105392604360528, 'mse': 847.1238786539645, 'rmse': 34.92647112523263, 'mape': 19.403595069573687}, {'round_number': 6, 'mae': 32.17712258578056, 'mse': 1035.3672179003493, 'rmse': 38.61254710293667, 'mape': 21.451415057187038}, {'round_number': 7, 'mae': 33.64567253777726, 'mse': 1132.0312805193387, 'rmse': 40.37480704533271, 'mape': 22.430448358518174}, {'round_number': 8, 'mae': 35.457846285099656, 'mse': 1257.2588631777555, 'rmse': 42.54941554211958, 'mape': 23.638564190066436}]"
b44eddae-63aa-57aa-97bf-9ed0dd74f46f,8a2d5c0e-27a6-471c-b224-bb0d24ad71ab,0,2026-06-01 12:00:00,participant_b44eddae@example.com,A,true,example.csv,39.0,6310,F,true,9.896181625709138,true,Type 1,7.560501959395532,Test City,8,[],[],[],2.1530765422979226,7.132853292209387,2.670740214286928,1.4353843615319484,"[{'round_number': 1, 'mae': 2.869415668271305, 'mse': 8.23354627732086, 'rmse': 3.443298801925566, 'mape': 1.9129437788475367}, {'round_number': 2, 'mae': 1.0766431157922463, 'mse': 1.1591603987828363, 'rmse': 1.2919717389506955, 'mape': 0.7177620771948309}, {'round_number': 3, 'mae': 1.2021605854941768, 'mse': 1.445190073315702, 'rmse': 1.442592702593012, 'mape': 0.8014403903294512}, {'round_number': 4, 'mae': 3.529614577480661, 'mse': 12.458179065563986, 'rmse': 4.2355374929767935, 'mape': 2.3530763849871073}, {'round_number': 5, 'mae': 1.0, 'mse': 1.0, 'rmse': 1.2, 'mape': 0.6666666666666666}, {'round_number': 6, 'mae': 1.0, 'mse': 1.0, 'rmse': 1.2, 'mape': 0.6666666666666666}, {'round_number': 7, 'mae': 1.0, 'mse': 1.0, 'rmse': 1.2, 'mape': 0.6666666666666666}, {'round_number': 8, 'mae': 5.54677839134499, 'mse': 30.766750522691716, 'rmse': 6.656134069613988, 'mape': 3.69785226089666}]"
b44eddae-63aa-57aa-97bf-9ed0dd74f46f,6f4a1fdd-995c-42d3-8980-9ea8ddb6a7c7,1,2026-06-02 12:00:00,participant_b44eddae@example.com,B,false,upload.csv,39.0,6310,M,true,9.896181625709138,true,Type 1,7.560501959395532,Test City,8,[],[],[],4.586087324788698,30.167640870555353,5.492507703276833,3.057391549859132,"[{'round_number': 1, 'mae': 4.687964952846402, 'mse': 21.977015399116166, 'rmse': 5.625557943415682, 'mape': 3.125309968564268}, {'round_number': 2, 'mae': 9.485435153839628, 'mse': 89.9734800576966, 'rmse': 11.382522184607554, 'mape': 6.323623435893086}, {'round_number': 3, 'mae': 1.0, 'mse': 1.0, 'rmse': 1.2, 'mape': 0.6666666666666666}, {'round_number': 4, 'mae': 1.4252213875621598, 'mse': 2.031256003564608, 'rmse': 1.7102656650745918, 'mape': 0.9501475917081065}, {'round_number': 5, 'mae': 6.201846432259559, 'mse': 38.46289916933061, 'rmse': 7.44221571871147, 'mape': 4.134564288173039}, {'round_number': 6, 'mae': 2.8136908493242787, 'mse': 7.916856195571181, 'rmse': 3.376429019189134, 'mape': 1.8757938995495191}, {'round_number': 7, 'mae': 2.483018448167749, 'mse': 6.165380613941377, 'rmse': 2.979622137801299, 'mape': 1.6553456321118327}, {'round_number': 8, 'mae': 8.591521374309806, 'mse': 73.81423952522226, 'rmse': 10.309825649171767, 'mape': 5.727680916206538}]"
9cc28674-9164-5092-95c3-4e3aa248110d,631cd381-2a06-4f74-baab-7a92884d9a57,0,2026-06-01 12:00:00,participant_9cc28674@example.com,A,true,example.csv,42.0,6091,F,true,5.434128741715536,false,"",0.0,Test City,8,[],[],[],11.967123085838818,148.19535833630863,12.173551590900193,7.978082057225879,"[{'round_number': 1, 'mae': 13.208651992919556, 'mse': 174.46848747005777, 'rmse': 15.850382391503466, 'mape': 8.805767995279703}, {'round_number': 2, 'mae': 13.117293836195659, 'mse': 172.06339758509662, 'rmse': 15.740752603434789, 'mape': 8.744862557463772}, {'round_number': 3, 'mae': 8.086461915119227, 'mse': 65.39086630467371, 'rmse': 9.703754298143071, 'mape': 5.390974610079485}, {'round_number': 4, 'mae': 9.245380252798824, 'mse': 85.47705601884246, 'rmse': 11.094456303358589, 'mape': 6.163586835199216}, {'round_number': 5, 'mae': 13.805706939424594, 'mse': 190.5975440972764, 'rmse': 16.56684832730951, 'mape': 9.203804626283063}, {'round_number': 6, 'mae': 13.933369343553181, 'mse': 194.1387812638676, 'rmse': 16.720043212263818, 'mape': 9.28891289570212}, {'round_number': 7, 'mae': 10.27190277516579, 'mse': 105.51198662245866, 'rmse': 12.326283330198947, 'mape': 6.84793518344386}, {'round_number': 8, 'mae': 14.06821763153371, 'mse': 197.91474732819594, 'rmse': 16.88186115784045, 'mape': 9.378811754355807}]"
9cc28674-9164-5092-95c3-4e3aa248110d,419ebff7-936b-4dbe-8020-78d83156eb53,1,2026-06-02 12:00:00,participant_9cc28674@example.com,B,false,upload.csv,42.0,6091,M,true,5.434128741715536,false,"",0.0,Test City,8,[],[],[],9.010288680859155,90.09706693614532,9.49194747858127,6.00685912057277,"[{'round_number': 1, 'mae': 11.982512862760704, 'mse': 143.58061450622571, 'rmse': 14.379015435312844, 'mape': 7.988341908507135}, {'round_number': 2, 'mae': 4.917703854730389, 'mse': 24.183811202830128, 'rmse': 5.901244625676466, 'mape': 3.278469236486926}, {'round_number': 3, 'mae': 9.33075784954289, 'mse': 87.06304204680625, 'rmse': 11.196909419451467, 'mape': 6.220505233028593}, {'round_number': 4, 'mae': 11.512325874252387, 'mse': 132.533647034981, 'rmse': 13.814791049102864, 'mape': 7.674883916168258}, {'round_number': 5, 'mae': 8.547721994397058, 'mse': 73.06355129349922, 'rmse': 10.257266393276469, 'mape': 5.698481329598039}, {'round_number': 6, 'mae': 3.850153493985899, 'mse': 14.823681927251826, 'rmse': 4.6201841927830785, 'mape': 2.5667689959905995}, {'round_number': 7, 'mae': 9.417904936490656, 'mse': 88.69693339277507, 'rmse': 11.301485923788787, 'mape': 6.278603290993771}, {'round_number': 8, 'mae': 12.523228580713255, 'mse': 156.83125408479333, 'rmse': 15.027874296855906, 'mape': 8.348819053808837}]"
3e4504ba-ab6f-58f4-a70f-0d8f798dd8af,51386c50-6e4e-4f51-bb07-df3a7b15c6d9,0,2026-06-01 12:00:00,participant_3e4504ba@example.com,A,true,example.csv,70.0,3063,F,false,,true,Type 1,18.338312123624835,Test City,8,[],[],[],25.534170211006497,665.5158577163638,25.797594029606014,17.022780140671,"[{'round_number': 1, 'mae': 28.57345117611675, 'mse': 816.4421121139276, 'rmse': 34.2881414113401, 'mape': 19.0489674507445}, {'round_number': 2, 'mae': 29.405132775316524, 'mse': 864.661833533994, 'rmse': 35.286159330379824, 'mape': 19.603421850211017}, {'round_number': 3, 'mae': 28.651590464114758, 'mse': 820.9136361233517, 'rmse': 34.38190855693771, 'mape': 19.10106030940984}, {'round_number': 4, 'mae': 26.151394002394483, 'mse': 683.8954082684742, 'rmse': 31.38167280287338, 'mape': 17.43426266826299}, {'round_number': 5, 'mae': 22.218285575649585, 'mse': 493.6522139211184, 'rmse': 26.6619426907795, 'mape': 14.81219038376639}, {'round_number': 6, 'mae': 27.58221492767157, 'mse': 760.7785803162683, 'rmse': 33.098657913205884, 'mape': 18.388143285114378}, {'round_number': 7, 'mae': 23.556839033386822, 'mse': 554.924665244897, 'rmse': 28.268206840064185, 'mape': 15.704559355591215}, {'round_number': 8, 'mae': 18.134453733401493, 'mse': 328.8584122088794, 'rmse': 21.761344480081792, 'mape': 12.089635822267661}]"
3e4504ba-ab6f-58f4-a70f-0d8f798dd8af,41ac2f87-f73a-4265-ae56-011f4f1fe060,1,2026-06-02 12:00:00,participant_3e4504ba@example.com,B,false,upload.csv,70.0,3063,M,false,,true,Type 1,18.338312123624835,Test City,8,[],[],[],25.300617462836243,650.8501779361286,25.5117654805803,16.867078308557495,"[{'round_number': 1, 'mae': 30.39949955791545, 'mse': 924.1295733717017, 'rmse': 36.47939946949854, 'mape': 20.266333038610302}, {'round_number': 2, 'mae': 24.037109722648644, 'mse': 577.78264381865, 'rmse': 28.844531667178373, 'mape': 16.024739815099096}, {'round_number': 3, 'mae': 27.367035042226252, 'mse': 748.9546070024396, 'rmse': 32.8404420506715, 'mape': 18.244690028150835}, {'round_number': 4, 'mae': 19.177935234283307, 'mse': 367.7931998503651, 'rmse': 23.013522281139966, 'mape': 12.785290156188871}, {'round_number': 5, 'mae': 26.315312127002333, 'mse': 692.495652341556, 'rmse': 31.5783745524028, 'mape': 17.543541418001556}, {'round_number': 6, 'mae': 26.682411131213623, 'mse': 711.9510637751126, 'rmse': 32.01889335745635, 'mape': 17.78827408747575}, {'round_number': 7, 'mae': 26.576452230270156, 'mse': 706.3078131478316, 'rmse': 31.891742676324185, 'mape': 17.717634820180105}, {'round_number': 8, 'mae': 21.849184657130177, 'mse': 477.38687018137273, 'rmse': 26.219021588556213, 'mape': 14.566123104753451}]"
c7a74679-8515-55ef-b208-63f287896278,bf0a01eb-5c6e-4dbe-b86e-ab28e179d370,0,2026-06-01 12:00:00,participant_c7a74679@example.com,A,true,example.csv,64.0,4028,F,true,1.2917204504620101,false,"",0.0,Test City,8,[],[],[],17.88977147482151,330.538764250443,18.180725074937,11.926514316547674,"[{'round_number': 1, 'mae': 12.668023424150046, 'mse': 160.47881747481426, 'rmse': 15.201628108980055, 'mape': 8.445348949433365}, {'round_number': 2, 'mae': 18.049876935811458, 'mse': 325.7980573979384, 'rmse': 21.659852322973748, 'mape': 12.033251290540973}, {'round_number': 3, 'mae': 14.799865195056109, 'mse': 219.03600979183318, 'rmse': 17.75983823406733, 'mape': 9.866576796704072}, {'round_number': 4, 'mae': 17.280720025996402, 'mse': 298.6232846168731, 'rmse': 20.736864031195683, 'mape': 11.520480017330934}, {'round_number': 5, 'mae': 17.447061338156573, 'mse': 304.3999493373978, 'rmse': 20.936473605787885, 'mape': 11.631374225437716}, {'round_number': 6, 'mae': 23.566241737915853, 'mse': 555.3677496498872, 'rmse': 28.279490085499024, 'mape': 15.710827825277235}, {'round_number': 7, 'mae': 21.666940301613486, 'mse': 469.45630203368273, 'rmse': 26.000328361936184, 'mape': 14.444626867742324}, {'round_number': 8, 'mae': 17.639442839872174, 'mse': 311.1499437011177, 'rmse': 21.167331407846607, 'mape': 11.759628559914782}]"
99532488-1694-5ad2-aa08-300797d1f061,0dd584f9-9a0a-4199-83ff-0b62b3715872,0,2026-06-01 12:00:00,participant_99532488@example.com,A,true,example.csv,60.0,4287,F,true,3.803439168731279,true,Type 1,8.033415079952945,Test City,8,[],[],[],15.005911812346048,232.50211855956164,15.248020152123411,10.003941208230698,"[{'round_number': 1, 'mae': 15.077567126083459, 'mse': 227.3330304415526, 'rmse': 18.09308055130015, 'mape': 10.051711417388972}, {'round_number': 2, 'mae': 11.95197173072, 'mse': 142.84962825193003, 'rmse': 14.342366076864, 'mape': 7.967981153813334}, {'round_number': 3, 'mae': 16.266926534468045, 'mse': 264.61289887778054, 'rmse': 19.520311841361654, 'mape': 10.844617689645363}, {'round_number': 4, 'mae': 20.812056577752436, 'mse': 433.14169899556845, 'rmse': 24.974467893302922, 'mape': 13.874704385168291}, {'round_number': 5, 'mae': 13.658218643681217, 'mse': 186.54693651860117, 'rmse': 16.389862372417458, 'mape': 9.105479095787478}, {'round_number': 6, 'mae': 16.59214779872562, 'mse': 275.2993685747554, 'rmse': 19.910577358470743, 'mape': 11.06143186581708}, {'round_number': 7, 'mae': 13.222543606074638, 'mse': 174.8356594145453, 'rmse': 15.867052327289564, 'mape': 8.815029070716426}, {'round_number': 8, 'mae': 12.465862481262967, 'mse': 155.39772740175968, 'rmse': 14.959034977515559, 'mape': 8.310574987508645}]"
99532488-1694-5ad2-aa08-300797d1f061,f7c5099a-093e-4366-8df6-53c0d792b58b,1,2026-06-02 12:00:00,participant_99532488@example.com,B,false,upload.csv,60.0,4287,M,true,3.803439168731279,true,Type 1,8.033415079952945,Test City,8,[],[],[],14.893877640187611,232.70990853351927,15.254832301061827,9.929251760125075,"[{'round_number': 1, 'mae': 9.866308370390666, 'mse': 97.34404085964091, 'rmse': 11.839570044468799, 'mape': 6.577538913593777}, {'round_number': 2, 'mae': 17.938113175644716, 'mse': 321.7759043022386, 'rmse': 21.525735810773657, 'mape': 11.958742117096477}, {'round_number': 3, 'mae': 20.661163343268683, 'mse': 426.88367069722955, 'rmse': 24.793396011922418, 'mape': 13.774108895512455}, {'round_number': 4, 'mae': 15.02298804733263, 'mse': 225.69016987029906, 'rmse': 18.027585656799154, 'mape': 10.01532536488842}, {'round_number': 5, 'mae': 11.42497802400389, 'mse': 130.5301228489718, 'rmse': 13.709973628804667, 'mape': 7.616652016002593}, {'round_number': 6, 'mae': 15.688531834445463, 'mse': 246.13003112040872, 'rmse': 18.826238201334554, 'mape': 10.459021222963642}, {'round_number': 7, 'mae': 12.570886352386804, 'mse': 158.02718368462482, 'rmse': 15.085063622864164, 'mape': 8.380590901591203}, {'round_number': 8, 'mae': 15.978051974028022, 'mse': 255.29814488474076, 'rmse': 19.173662368833625, 'mape': 10.652034649352014}]"
c214d384-fcdd-5217-8270-4613ae9f1528,6845de2e-19fd-400f-96bd-371e7e3c33b3,0,2026-06-01 12:00:00,participant_c214d384@example.com,A,true,example.csv,29.0,8465,F,false,,false,"",0.0,Test City,8,[],[],[],21.264845076280317,456.4473918957493,21.364629458423785,14.176563384186878,"[{'round_number': 1, 'mae': 24.98580273092361, 'mse': 624.2903381086297, 'rmse': 29.98296327710833, 'mape': 16.65720182061574}, {'round_number': 2, 'mae': 21.425493641866286, 'mse': 459.0517777976526, 'rmse': 25.710592370239542, 'mape': 14.283662427910857}, {'round_number': 3, 'mae': 21.950871083459173, 'mse': 481.8407413226441, 'rmse': 26.341045300151006, 'mape': 14.63391405563945}, {'round_number': 4, 'mae': 18.000237782635896, 'mse': 324.00856023143285, 'rmse': 21.600285339163076, 'mape': 12.000158521757264}, {'round_number': 5, 'mae': 21.83836622843738, 'mse': 476.91423952735425, 'rmse': 26.206039474124854, 'mape': 14.558910818958253}, {'round_number': 6, 'mae': 18.89697648260325, 'mse': 357.0957201840603, 'rmse': 22.6763717791239, 'mape': 12.5979843217355}, {'round_number': 7, 'mae': 22.729930955677933, 'mse': 516.649761249886, 'rmse': 27.27591714681352, 'mape': 15.153287303785289}, {'round_number': 8, 'mae': 20.291081704638987, 'mse': 411.72799674433503, 'rmse': 24.349298045566783, 'mape': 13.527387803092658}]"
c214d384-fcdd-5217-8270-4613ae9f1528,87a9f9b7-7e83-4262-9a50-06745f56e616,1,2026-06-02 12:00:00,participant_c214d384@example.com,B,false,upload.csv,29.0,8465,M,false,,false,"",0.0,Test City,8,[],[],[],22.262971322127616,504.5493909864179,22.462176897763445,14.84198088141841,"[{'round_number': 1, 'mae': 22.310867497806857, 'mse': 497.7748085046944, 'rmse': 26.773040997368227, 'mape': 14.873911665204572}, {'round_number': 2, 'mae': 23.366882156090153, 'mse': 546.0111816966044, 'rmse': 28.040258587308184, 'mape': 15.577921437393435}, {'round_number': 3, 'mae': 17.7467965236483, 'mse': 314.94878685177537, 'rmse': 21.29615582837796, 'mape': 11.8311976824322}, {'round_number': 4, 'mae': 19.567326954105038, 'mse': 382.8802841288456, 'rmse': 23.480792344926044, 'mape': 13.044884636070025}, {'round_number': 5, 'mae': 19.177228531336784, 'mse': 367.7660941431176, 'rmse': 23.01267423760414, 'mape': 12.78481902089119}, {'round_number': 6, 'mae': 24.24664451207826, 'mse': 587.8997700950947, 'rmse': 29.09597341449391, 'mape': 16.16442967471884}, {'round_number': 7, 'mae': 27.126250319003407, 'mse': 735.8334563692324, 'rmse': 32.551500382804086, 'mape': 18.084166879335605}, {'round_number': 8, 'mae': 24.561774082952127, 'mse': 603.2807461019788, 'rmse': 29.47412889954255, 'mape': 16.374516055301417}]"
dfbd53eb-acd9-5324-b021-ddd1e05287bc,67f8d101-2ace-4bfd-9593-d0dc7a775228,0,2026-06-01 12:00:00,participant_dfbd53eb@example.com,A,true,example.csv,44.0,7968,F,true,2.9645939617748955,true,Type 1,12.622654250515968,Test City,8,[],[],[],17.539481898310193,330.66151151767974,18.18410051439663,11.692987932206796,"[{'round_number': 1, 'mae': 9.577316840760862, 'mse': 91.72499786832161, 'rmse': 11.492780208913034, 'mape': 6.384877893840574}, {'round_number': 2, 'mae': 25.870610703479286, 'mse': 669.288498170977, 'rmse': 31.044732844175144, 'mape': 17.247073802319523}, {'round_number': 3, 'mae': 22.6522657091957, 'mse': 513.1251417600033, 'rmse': 27.18271885103484, 'mape': 15.101510472797132}, {'round_number': 4, 'mae': 14.822545304864692, 'mse': 219.70784931476632, 'rmse': 17.78705436583763, 'mape': 9.881696869909794}, {'round_number': 5, 'mae': 18.425222429004492, 'mse': 339.48882155829017, 'rmse': 22.11026691480539, 'mape': 12.283481619336328}, {'round_number': 6, 'mae': 17.274698129465413, 'mse': 298.41519546415583, 'rmse': 20.729637755358496, 'mape': 11.516465419643609}, {'round_number': 7, 'mae': 18.224858896109808, 'mse': 332.1454817831128, 'rmse': 21.86983067533177, 'mape': 12.149905930739871}, {'round_number': 8, 'mae': 13.468337173601313, 'mse': 181.396106221811, 'rmse': 16.162004608321574, 'mape': 8.978891449067541}]"
dfbd53eb-acd9-5324-b021-ddd1e05287bc,f14d5349-1a78-4b92-8ce0-be4d4b5488fc,1,2026-06-02 12:00:00,participant_dfbd53eb@example.com,B,false,upload.csv,44.0,7968,M,true,2.9645939617748955,true,Type 1,12.622654250515968,Test City,8,[],[],[],17.330359863122883,308.22885028333815,17.556447541667936,11.553573242081923,"[{'round_number': 1, 'mae': 14.093012380815122, 'mse': 198.6129979658083, 'rmse': 16.911614856978144, 'mape': 9.395341587210082}, {'round_number': 2, 'mae': 17.54137817705836, 'mse': 307.69994835057923, 'rmse': 21.04965381247003, 'mape': 11.694252118038905}, {'round_number': 3, 'mae': 16.805582838682227, 'mse': 282.4276145478106, 'rmse': 20.166699406418672, 'mape': 11.203721892454817}, {'round_number': 4, 'mae': 19.735209858835386, 'mse': 389.47850817227345, 'rmse': 23.682251830602464, 'mape': 13.156806572556924}, {'round_number': 5, 'mae': 16.376745101096784, 'mse': 268.1977801062975, 'rmse': 19.65209412131614, 'mape': 10.917830067397857}, {'round_number': 6, 'mae': 23.185159386509504, 'mse': 537.5516157778497, 'rmse': 27.822191263811405, 'mape': 15.456772924339669}, {'round_number': 7, 'mae': 13.99029965730956, 'mse': 195.728484501316, 'rmse': 16.78835958877147, 'mape': 9.326866438206373}, {'round_number': 8, 'mae': 16.915491504676133, 'mse': 286.13385284477044, 'rmse': 20.29858980561136, 'mape': 11.276994336450755}]"
9a915e66-9b55-527d-a37f-cc6c2df98c6d,b34ed9c3-3c62-4ab3-bd2e-390d1c50b38d,0,2026-06-01 12:00:00,participant_9a915e66@example.com,A,true,example.csv,21.0,5271,F,true,8.754829704262763,false,"",0.0,Test City,8,[],[],[],9.692527612656502,97.20485532173703,9.859252269910586,6.461685075104334,"[{'round_number': 1, 'mae': 7.657127300800746, 'mse': 58.63159850066812, 'rmse': 9.188552760960896, 'mape': 5.104751533867164}, {'round_number': 2, 'mae': 12.077561125241012, 'mse': 145.86748273393292, 'rmse': 14.493073350289214, 'mape': 8.051707416827341}, {'round_number': 3, 'mae': 10.30022303118252, 'mse': 106.09459449210283, 'rmse': 12.360267637419025, 'mape': 6.86681535412168}, {'round_number': 4, 'mae': 7.351888730174002, 'mse': 54.050267900859495, 'rmse': 8.822266476208801, 'mape': 4.901259153449335}, {'round_number': 5, 'mae': 9.440787780675237, 'mse': 89.12847391974687, 'rmse': 11.328945336810284, 'mape': 6.293858520450158}, {'round_number': 6, 'mae': 8.942834699296554, 'mse': 79.9742924589425, 'rmse': 10.731401639155864, 'mape': 5.961889799531036}, {'round_number': 7, 'mae': 9.023437997862903, 'mse': 81.42243330127607, 'rmse': 10.828125597435482, 'mape': 6.015625331908602}, {'round_number': 8, 'mae': 12.746360236019045, 'mse': 162.46969926636748, 'rmse': 15.295632283222854, 'mape': 8.497573490679363}]"
e7a01a39-7779-554d-b886-e3227c500509,bcd5933c-264a-42b2-8c7e-24f5d0b38a1e,0,2026-06-01 12:00:00,participant_e7a01a39@example.com,A,true,example.csv,25.0,7139,F,false,,true,Type 1,15.075349158784663,Test City,8,[],[],[],13.031415376680673,180.6864746658198,13.44196691953301,8.687610251120448,"[{'round_number': 1, 'mae': 11.810240175573627, 'mse': 139.48177300473338, 'rmse': 14.172288210688352, 'mape': 7.873493450382418}, {'round_number': 2, 'mae': 15.195133798174759, 'mse': 230.89209114443287, 'rmse': 18.23416055780971, 'mape': 10.130089198783173}, {'round_number': 3, 'mae': 20.076167122665595, 'mse': 403.05248633719896, 'rmse': 24.091400547198713, 'mape': 13.384111415110397}, {'round_number': 4, 'mae': 14.639059714099783, 'mse': 214.30206931297923, 'rmse': 17.56687165691974, 'mape': 9.759373142733189}, {'round_number': 5, 'mae': 12.006095597632797, 'mse': 144.14633149949762, 'rmse': 14.407314717159355, 'mape': 8.004063731755197}, {'round_number': 6, 'mae': 11.594154498188242, 'mse': 134.42441852785865, 'rmse': 13.91298539782589, 'mape': 7.729436332125495}, {'round_number': 7, 'mae': 9.54020404943292, 'mse': 91.01549330481627, 'rmse': 11.448244859319503, 'mape': 6.360136032955279}, {'round_number': 8, 'mae': 9.390268057677662, 'mse': 88.17713419504142, 'rmse': 11.268321669213195, 'mape': 6.260178705118442}]"
e7a01a39-7779-554d-b886-e3227c500509,d65c55eb-d67c-43ae-967e-884134883516,1,2026-06-02 12:00:00,participant_e7a01a39@example.com,B,false,upload.csv,25.0,7139,M,false,,true,Type 1,15.075349158784663,Test City,8,[],[],[],9.220196641223126,91.86292899951546,9.584515063346474,6.146797760815417,"[{'round_number': 1, 'mae': 6.679566565557704, 'mse': 44.61660950371634, 'rmse': 8.015479878669245, 'mape': 4.453044377038469}, {'round_number': 2, 'mae': 8.503807582844793, 'mse': 72.3147434060486, 'rmse': 10.204569099413751, 'mape': 5.669205055229862}, {'round_number': 3, 'mae': 8.408382759778409, 'mse': 70.70090063493876, 'rmse': 10.09005931173409, 'mape': 5.605588506518939}, {'round_number': 4, 'mae': 11.921005216746412, 'mse': 142.11036537769516, 'rmse': 14.305206260095694, 'mape': 7.947336811164274}, {'round_number': 5, 'mae': 8.492816052059565, 'mse': 72.12792449412062, 'rmse': 10.191379262471477, 'mape': 5.66187736803971}, {'round_number': 6, 'mae': 9.097463947752695, 'mse': 82.76385028066005, 'rmse': 10.916956737303234, 'mape': 6.064975965168464}, {'round_number': 7, 'mae': 6.034991020393491, 'mse': 36.42111661623007, 'rmse': 7.241989224472189, 'mape': 4.023327346928994}, {'round_number': 8, 'mae': 14.623539984651941, 'mse': 213.84792168271412, 'rmse': 17.54824798158233, 'mape': 9.749026656434628}]"
dd38ef12-1e2f-5fab-8d6b-2797e234ee07,65ed1a90-ec7e-4ecb-9b68-68607b56929d,0,2026-06-01 12:00:00,participant_dd38ef12@example.com,A,true,example.csv,70.0,4051,F,true,2.420377498487786,false,"",0.0,Test City,8,[],[],[],27.713199887568457,779.7043239466466,27.923186135300654,18.475466591712305,"[{'round_number': 1, 'mae': 29.656249533240413, 'mse': 879.4931363778222, 'rmse': 35.5874994398885, 'mape': 19.770833022160275}, {'round_number': 2, 'mae': 24.44187910116564, 'mse': 597.4054539959976, 'rmse': 29.330254921398765, 'mape': 16.29458606744376}, {'round_number': 3, 'mae': 27.338824101371248, 'mse': 747.4113032457175, 'rmse': 32.8065889216455, 'mape': 18.2258827342475}, {'round_number': 4, 'mae': 33.303860786028906, 'mse': 1109.147143255194, 'rmse': 39.96463294323468, 'mape': 22.202573857352604}, {'round_number': 5, 'mae': 21.516738292683097, 'mse': 462.9700267558151, 'rmse': 25.820085951219717, 'mape': 14.344492195122065}, {'round_number': 6, 'mae': 28.716148542693205, 'mse': 824.617187126021, 'rmse': 34.45937825123185, 'mape': 19.144099028462136}, {'round_number': 7, 'mae': 30.28117433273635, 'mse': 916.9495189695707, 'rmse': 36.33740919928362, 'mape': 20.187449555157567}, {'round_number': 8, 'mae': 26.450724410628798, 'mse': 699.6408218470342, 'rmse': 31.740869292754557, 'mape': 17.633816273752533}]"
dd38ef12-1e2f-5fab-8d6b-2797e234ee07,712811db-f3ab-4a96-b54e-ffa15b32fbf3,1,2026-06-02 12:00:00,participant_dd38ef12@example.com,B,false,upload.csv,70.0,4051,M,true,2.420377498487786,false,"",0.0,Test City,8,[],[],[],22.10941835680022,493.8813017832406,22.223440367846752,14.739612237866814,"[{'round_number': 1, 'mae': 24.61697548756421, 'mse': 605.9954821553372, 'rmse': 29.540370585077053, 'mape': 16.411316991709473}, {'round_number': 2, 'mae': 26.160241583552725, 'mse': 684.3582397098412, 'rmse': 31.39228990026327, 'mape': 17.440161055701818}, {'round_number': 3, 'mae': 20.310452682517166, 'mse': 412.51448816876876, 'rmse': 24.3725432190206, 'mape': 13.540301788344777}, {'round_number': 4, 'mae': 23.573573364845245, 'mse': 555.7133611877412, 'rmse': 28.288288037814294, 'mape': 15.715715576563497}, {'round_number': 5, 'mae': 19.65732337355731, 'mse': 386.4103622126026, 'rmse': 23.58878804826877, 'mape': 13.104882249038207}, {'round_number': 6, 'mae': 20.247597056449294, 'mse': 409.96518656033413, 'rmse': 24.29711646773915, 'mape': 13.498398037632862}, {'round_number': 7, 'mae': 20.42664994357882, 'mse': 417.2480279175086, 'rmse': 24.511979932294583, 'mape': 13.617766629052547}, {'round_number': 8, 'mae': 21.88253336233699, 'mse': 478.8452663537914, 'rmse': 26.259040034804386, 'mape': 14.588355574891326}]"
67ecb49e-5aba-5ffd-92b7-1f64bba2d6b6,e48951fc-3ccb-472f-b65f-a54fd36621a3,0,2026-06-01 12:00:00,participant_67ecb49e@example.com,A,true,example.csv,68.0,451,F,true,2.8144487021327698,true,Type 1,13.786844618567466,Test City,8,[],[],[],21.148844213477787,461.1103358601241,21.47347982652379,14.099229475651859,"[{'round_number': 1, 'mae': 22.143983821902218, 'mse': 490.35601950466713, 'rmse': 26.57278058628266, 'mape': 14.762655881268145}, {'round_number': 2, 'mae': 18.813704338903822, 'mse': 353.9554709516885, 'rmse': 22.576445206684586, 'mape': 12.542469559269215}, {'round_number': 3, 'mae': 19.63937551352125, 'mse': 385.7050705610981, 'rmse': 23.5672506162255, 'mape': 13.092917009014167}, {'round_number': 4, 'mae': 21.596794775623714, 'mse': 466.4215445804077, 'rmse': 25.916153730748455, 'mape': 14.397863183749143}, {'round_number': 5, 'mae': 21.1776154729098, 'mse': 448.49139711842855, 'rmse': 25.41313856749176, 'mape': 14.1184103152732}, {'round_number': 6, 'mae': 14.750108199493472, 'mse': 217.56569189676455, 'rmse': 17.700129839392165, 'mape': 9.833405466328982}, {'round_number': 7, 'mae': 22.191133306534134, 'mse': 492.4463974283686, 'rmse': 26.62935996784096, 'mape': 14.794088871022756}, {'round_number': 8, 'mae': 28.878038278933868, 'mse': 833.9410948395698, 'rmse': 34.65364593472064, 'mape': 19.252025519289244}]"
67ecb49e-5aba-5ffd-92b7-1f64bba2d6b6,49884755-6c8d-4be1-9e56-6de20673d7c6,1,2026-06-02 12:00:00,participant_67ecb49e@example.com,B,false,upload.csv,68.0,451,M,true,2.8144487021327698,true,Type 1,13.786844618567466,Test City,8,[],[],[],16.086990543966976,270.40206156047924,16.443906517627713,10.72466036264465,"[{'round_number': 1, 'mae': 9.937266881574956, 'mse': 98.74927307564646, 'rmse': 11.924720257889946, 'mape': 6.6248445877166375}, {'round_number': 2, 'mae': 18.676169596933523, 'mse': 348.7993108134241, 'rmse': 22.411403516320227, 'mape': 12.450779731289016}, {'round_number': 3, 'mae': 16.752642657259116, 'mse': 280.6510360018178, 'rmse': 20.103171188710938, 'mape': 11.168428438172745}, {'round_number': 4, 'mae': 15.273891072896626, 'mse': 233.29174850671126, 'rmse': 18.32866928747595, 'mape': 10.182594048597752}, {'round_number': 5, 'mae': 19.83818395209818, 'mse': 393.5535425172858, 'rmse': 23.805820742517817, 'mape': 13.225455968065454}, {'round_number': 6, 'mae': 11.97634779279061, 'mse': 143.43290645388052, 'rmse': 14.371617351348732, 'mape': 7.984231861860407}, {'round_number': 7, 'mae': 16.118421710366786, 'mse': 259.8035184332233, 'rmse': 19.34210605244014, 'mape': 10.745614473577858}, {'round_number': 8, 'mae': 20.123000687816038, 'mse': 404.9351566818447, 'rmse': 24.147600825379246, 'mape': 13.415333791877359}]"
c1034076-0a3e-5c61-b943-a64aee492859,5ceb3d6f-92ab-4cc8-9631-676cdb52a46f,0,2026-06-01 12:00:00,participant_c1034076@example.com,A,true,example.csv,33.0,8615,F,false,,false,"",0.0,Test City,8,[],[],[],21.38231703376714,464.54796488343635,21.55337479104923,14.254878022511427,"[{'round_number': 1, 'mae': 21.545537487863662, 'mse': 464.2101856409384, 'rmse': 25.854644985436394, 'mape': 14.363691658575775}, {'round_number': 2, 'mae': 19.82133977665534, 'mse': 392.8855105416191, 'rmse': 23.785607731986406, 'mape': 13.214226517770227}, {'round_number': 3, 'mae': 25.95911201155062, 'mse': 673.8754964282316, 'rmse': 31.150934413860742, 'mape': 17.30607467436708}, {'round_number': 4, 'mae': 18.39606249965635, 'mse': 338.4151154912626, 'rmse': 22.075274999587617, 'mape': 12.264041666437565}, {'round_number': 5, 'mae': 23.882399631661542, 'mse': 570.3690121663874, 'rmse': 28.65887955799385, 'mape': 15.921599754441027}, {'round_number': 6, 'mae': 17.331554421970523, 'mse': 300.382778681726, 'rmse': 20.797865306364628, 'mape': 11.554369614647015}, {'round_number': 7, 'mae': 23.25432302883537, 'mse': 540.7635395294229, 'rmse': 27.90518763460244, 'mape': 15.502882019223579}, {'round_number': 8, 'mae': 20.868207411943715, 'mse': 435.4820805879026, 'rmse': 25.041848894332457, 'mape': 13.912138274629143}]"
1c5571c6-9400-5852-9832-69c4cdf58579,acdfae4f-7c37-439d-ba3b-126b21f24fcd,0,2026-06-01 12:00:00,participant_1c5571c6@example.com,A,true,example.csv,26.0,9017,F,true,10.028871740224675,true,Type 1,0.565741011555194,Test City,8,[],[],[],9.19033454410889,93.63363095138692,9.67644722774774,6.126889696072593,"[{'round_number': 1, 'mae': 5.630720840679958, 'mse': 31.70501718566761, 'rmse': 6.756865008815949, 'mape': 3.7538138937866385}, {'round_number': 2, 'mae': 5.8066128246221895, 'mse': 33.716752495066885, 'rmse': 6.967935389546628, 'mape': 3.871075216414793}, {'round_number': 3, 'mae': 13.51911267241736, 'mse': 182.76640744951567, 'rmse': 16.222935206900832, 'mape': 9.012741781611574}, {'round_number': 4, 'mae': 9.43405486320655, 'mse': 89.00139116199115, 'rmse': 11.32086583584786, 'mape': 6.289369908804367}, {'round_number': 5, 'mae': 13.83065685457666, 'mse': 191.28706902904833, 'rmse': 16.59678822549199, 'mape': 9.220437903051106}, {'round_number': 6, 'mae': 10.074286224149631, 'mse': 101.49124292609103, 'rmse': 12.089143468979557, 'mape': 6.716190816099754}, {'round_number': 7, 'mae': 6.35527008698273, 'mse': 40.38945787849748, 'rmse': 7.626324104379276, 'mape': 4.2368467246551536}, {'round_number': 8, 'mae': 8.87196198623603, 'mse': 78.71170948521717, 'rmse': 10.646354383483237, 'mape': 5.914641324157354}]"
1c5571c6-9400-5852-9832-69c4cdf58579,0c63bfac-af8b-47de-9a42-046d3647694b,1,2026-06-02 12:00:00,participant_1c5571c6@example.com,B,false,upload.csv,26.0,9017,M,true,10.028871740224675,true,Type 1,0.565741011555194,Test City,8,[],[],[],9.096437564877032,88.66066062135903,9.41597900493406,6.064291709918021,"[{'round_number': 1, 'mae': 11.551725043869304, 'mse': 133.44235148915726, 'rmse': 13.862070052643164, 'mape': 7.701150029246203}, {'round_number': 2, 'mae': 10.661855427081019, 'mse': 113.67516114797697, 'rmse': 12.794226512497222, 'mape': 7.107903618054013}, {'round_number': 3, 'mae': 7.762074348755037, 'mse': 60.24979819560094, 'rmse': 9.314489218506045, 'mape': 5.174716232503358}, {'round_number': 4, 'mae': 7.909770764664913, 'mse': 62.564473549547756, 'rmse': 9.491724917597894, 'mape': 5.2731805097766085}, {'round_number': 5, 'mae': 7.412238432182082, 'mse': 54.94127857551708, 'rmse': 8.894686118618498, 'mape': 4.941492288121387}, {'round_number': 6, 'mae': 5.975338238788592, 'mse': 35.70466706792916, 'rmse': 7.170405886546311, 'mape': 3.9835588258590615}, {'round_number': 7, 'mae': 13.716979000653048, 'mse': 188.15551290435667, 'rmse': 16.460374800783658, 'mape': 9.144652667102031}, {'round_number': 8, 'mae': 7.781519263022256, 'mse': 60.55204204078643, 'rmse': 9.337823115626707, 'mape': 5.187679508681504}]"
611f9e8d-666c-54f9-8c9b-fc51d431253e,58b58be2-0181-4bc8-ba64-84404cd45a3d,0,2026-06-01 12:00:00,participant_611f9e8d@example.com,A,true,example.csv,39.0,1160,F,true,0.9204614109445985,false,"",0.0,Test City,8,[],[],[],15.592164839556565,249.3757951829733,15.791636874718634,10.394776559704377,"[{'round_number': 1, 'mae': 18.6488235367879, 'mse': 347.7786193062544, 'rmse': 22.37858824414548, 'mape': 12.432549024525267}, {'round_number': 2, 'mae': 16.24714813713339, 'mse': 263.969822589957, 'rmse': 19.49657776456007, 'mape': 10.83143209142226}, {'round_number': 3, 'mae': 14.608374371248628, 'mse': 213.40460177055374, 'rmse': 17.530049245498354, 'mape': 9.738916247499086}, {'round_number': 4, 'mae': 16.743891603972337, 'mse': 280.3579060455753, 'rmse': 20.092669924766803, 'mape': 11.162594402648224}, {'round_number': 5, 'mae': 11.508082590993972, 'mse': 132.43596492113852, 'rmse': 13.809699109192765, 'mape': 7.672055060662648}, {'round_number': 6, 'mae': 12.654815596028742, 'mse': 160.14435776949227, 'rmse': 15.18577871523449, 'mape': 8.436543730685829}, {'round_number': 7, 'mae': 19.134344023571607, 'mse': 366.1231212123905, 'rmse': 22.961212828285927, 'mape': 12.756229349047738}, {'round_number': 8, 'mae': 15.191838856715947, 'mse': 230.7919678484245, 'rmse': 18.230206628059136, 'mape': 10.127892571143965}]"
611f9e8d-666c-54f9-8c9b-fc51d431253e,870a7a9c-1c67-476a-93ea-dc66bb15c9e1,1,2026-06-02 12:00:00,participant_611f9e8d@example.com,B,false,upload.csv,39.0,1160,M,true,0.9204614109445985,false,"",0.0,Test City,8,[],[],[],15.97148701065452,259.83162714268093,16.119293630388427,10.647658007103013,"[{'round_number': 1, 'mae': 15.03172794124273, 'mse': 225.9528448995374, 'rmse': 18.038073529491275, 'mape': 10.021151960828487}, {'round_number': 2, 'mae': 17.633053738777235, 'mse': 310.92458415460584, 'rmse': 21.15966448653268, 'mape': 11.755369159184824}, {'round_number': 3, 'mae': 15.87901361706411, 'mse': 252.14307345090745, 'rmse': 19.054816340476933, 'mape': 10.586009078042741}, {'round_number': 4, 'mae': 13.938845099518927, 'mse': 194.2914027083828, 'rmse': 16.726614119422713, 'mape': 9.292563399679285}, {'round_number': 5, 'mae': 20.43922173315672, 'mse': 417.761785057146, 'rmse': 24.527066079788064, 'mape': 13.62614782210448}, {'round_number': 6, 'mae': 15.93477252880257, 'mse': 253.91697554468107, 'rmse': 19.121727034563083, 'mape': 10.62318168586838}, {'round_number': 7, 'mae': 12.781895107738638, 'mse': 163.37684254523293, 'rmse': 15.338274129286365, 'mape': 8.521263405159091}, {'round_number': 8, 'mae': 16.133366318935238, 'mse': 260.28550878095393, 'rmse': 19.360039582722283, 'mape': 10.755577545956825}]"
c5762d93-431e-54c7-97b9-c58d3d4f2b4b,b48f47df-ca18-4a73-904a-28a3907da4ad,0,2026-06-01 12:00:00,participant_c5762d93@example.com,A,true,example.csv,68.0,4838,F,false,,true,Type 1,17.63170337737281,Test City,8,[],[],[],13.805710866461329,195.51437207809306,13.982645389127661,9.203807244307553,"[{'round_number': 1, 'mae': 9.590648278593683, 'mse': 91.98053440369198, 'rmse': 11.50877793431242, 'mape': 6.393765519062455}, {'round_number': 2, 'mae': 15.123550937892263, 'mse': 228.72179297102196, 'rmse': 18.148261125470714, 'mape': 10.082367291928175}, {'round_number': 3, 'mae': 14.78213927113428, 'mse': 218.5116414312103, 'rmse': 17.738567125361136, 'mape': 9.85475951408952}, {'round_number': 4, 'mae': 14.303387304630274, 'mse': 204.5868883862585, 'rmse': 17.16406476555633, 'mape': 9.535591536420183}, {'round_number': 5, 'mae': 10.582014915129104, 'mse': 111.97903966401482, 'rmse': 12.698417898154924, 'mape': 7.054676610086069}, {'round_number': 6, 'mae': 14.561355254950787, 'mse': 212.03306686088288, 'rmse': 17.473626305940943, 'mape': 9.707570169967191}, {'round_number': 7, 'mae': 15.532899037530424, 'mse': 241.27095251011357, 'rmse': 18.639478845036507, 'mape': 10.355266025020283}, {'round_number': 8, 'mae': 15.969691931829814, 'mse': 255.03106039755028, 'rmse': 19.163630318195775, 'mape': 10.646461287886543}]"
c5762d93-431e-54c7-97b9-c58d3d4f2b4b,538a9d21-b770-4e3d-bb08-76171ffcd93a,1,2026-06-02 12:00:00,participant_c5762d93@example.com,B,false,upload.csv,68.0,4838,M,false,,true,Type 1,17.63170337737281,Test City,8,[],[],[],13.328240040301853,185.65428562557523,13.625501298138547,8.885493360201236,"[{'round_number': 1, 'mae': 10.121883500345259, 'mse': 102.45252559456159, 'rmse': 12.14626020041431, 'mape': 6.747922333563506}, {'round_number': 2, 'mae': 15.574642278989964, 'mse': 242.5694821185017, 'rmse': 18.689570734787956, 'mape': 10.383094852659976}, {'round_number': 3, 'mae': 9.874948226327454, 'mse': 97.51460247264774, 'rmse': 11.849937871592944, 'mape': 6.583298817551636}, {'round_number': 4, 'mae': 12.933838656433727, 'mse': 167.2841823906594, 'rmse': 15.520606387720472, 'mape': 8.62255910428915}, {'round_number': 5, 'mae': 17.64893846308736, 'mse': 311.4850288738445, 'rmse': 21.178726155704833, 'mape': 11.765958975391575}, {'round_number': 6, 'mae': 11.488690395690345, 'mse': 131.99000700802756, 'rmse': 13.786428474828414, 'mape': 7.659126930460229}, {'round_number': 7, 'mae': 12.048957267810819, 'mse': 145.17737124153115, 'rmse': 14.45874872137298, 'mape': 8.032638178540546}, {'round_number': 8, 'mae': 16.934021533729908, 'mse': 286.7610853048282, 'rmse': 20.320825840475887, 'mape': 11.289347689153272}]"
0f3fd42f-550a-5c61-83a1-b1066702caf9,e75e9fe6-4996-4ca2-ad8f-dbbcdf4e75e4,0,2026-06-01 12:00:00,participant_0f3fd42f@example.com,A,true,example.csv,26.0,1660,F,true,7.930303431661277,false,"",0.0,Test City,8,[],[],[],12.500545357274795,164.13162943329317,12.811386710005017,8.333696904849864,"[{'round_number': 1, 'mae': 17.84211040623744, 'mse': 318.34090374836626, 'rmse': 21.410532487484925, 'mape': 11.89474027082496}, {'round_number': 2, 'mae': 7.812975353884028, 'mse': 61.04258388039925, 'rmse': 9.375570424660832, 'mape': 5.208650235922685}, {'round_number': 3, 'mae': 12.053339629151118, 'mse': 145.2829962156648, 'rmse': 14.464007554981341, 'mape': 8.035559752767412}, {'round_number': 4, 'mae': 11.502112764311528, 'mse': 132.29859804293818, 'rmse': 13.802535317173833, 'mape': 7.668075176207686}, {'round_number': 5, 'mae': 11.263612643503071, 'mse': 126.86896978288225, 'rmse': 13.516335172203686, 'mape': 7.509075095668714}, {'round_number': 6, 'mae': 11.973502660719303, 'mse': 143.36476596625224, 'rmse': 14.368203192863163, 'mape': 7.982335107146202}, {'round_number': 7, 'mae': 12.022208160037739, 'mse': 144.533489043278, 'rmse': 14.426649792045286, 'mape': 8.014805440025158}, {'round_number': 8, 'mae': 15.534501240354137, 'mse': 241.32072878656422, 'rmse': 18.641401488424965, 'mape': 10.356334160236091}]"
35d048c8-6319-52cf-8fed-89bdfab97f86,68d2796d-d280-4fa8-b130-501cd5534e1d,0,2026-06-01 12:00:00,participant_35d048c8@example.com,A,true,example.csv,38.0,5604,F,true,6.309682088860237,true,Type 1,13.18123806084418,Test City,8,[],[],[],7.758643260345569,66.64820679664176,8.163835299455872,5.1724288402303795,"[{'round_number': 1, 'mae': 12.53928607894002, 'mse': 157.23369536949897, 'rmse': 15.047143294728023, 'mape': 8.35952405262668}, {'round_number': 2, 'mae': 8.4968906252381, 'mse': 72.19715029725911, 'rmse': 10.19626875028572, 'mape': 5.664593750158733}, {'round_number': 3, 'mae': 5.5477904610220445, 'mse': 30.77797899940719, 'rmse': 6.657348553226453, 'mape': 3.698526974014696}, {'round_number': 4, 'mae': 7.3071668993643355, 'mse': 53.3946880951658, 'rmse': 8.768600279237202, 'mape': 4.871444599576224}, {'round_number': 5, 'mae': 4.69290263422529, 'mse': 22.023335134318668, 'rmse': 5.631483161070348, 'mape': 3.1286017561501933}, {'round_number': 6, 'mae': 8.338137384685988, 'mse': 69.52453504589808, 'rmse': 10.005764861623184, 'mape': 5.558758256457325}, {'round_number': 7, 'mae': 10.154076150943801, 'mse': 103.10526247916569, 'rmse': 12.18489138113256, 'mape': 6.769384100629201}, {'round_number': 8, 'mae': 4.992895848344979, 'mse': 24.929008952420528, 'rmse': 5.991475018013975, 'mape': 3.328597232229986}]"
35d048c8-6319-52cf-8fed-89bdfab97f86,316c753a-3f3e-4943-b04f-fc567896e141,1,2026-06-02 12:00:00,participant_35d048c8@example.com,B,false,upload.csv,38.0,5604,M,true,6.309682088860237,true,Type 1,13.18123806084418,Test City,8,[],[],[],5.588212585705526,40.70275810559217,6.37987132359205,3.7254750571370177,"[{'round_number': 1, 'mae': 4.805040071385806, 'mse': 23.08841008762331, 'rmse': 5.766048085662967, 'mape': 3.2033600475905373}, {'round_number': 2, 'mae': 8.858760000387907, 'mse': 78.47762874447275, 'rmse': 10.630512000465488, 'mape': 5.905840000258604}, {'round_number': 3, 'mae': 3.92141444964872, 'mse': 15.377491285913774, 'rmse': 4.705697339578464, 'mape': 2.6142762997658133}, {'round_number': 4, 'mae': 6.023179086257498, 'mse': 36.27868630512971, 'rmse': 7.227814903508997, 'mape': 4.0154527241716655}, {'round_number': 5, 'mae': 2.3084791770624298, 'mse': 5.329076110930833, 'rmse': 2.770175012474916, 'mape': 1.5389861180416198}, {'round_number': 6, 'mae': 2.93651424549786, 'mse': 8.623115914011867, 'rmse': 3.523817094597432, 'mape': 1.95767616366524}, {'round_number': 7, 'mae': 3.876482008534344, 'mse': 15.027112762490463, 'rmse': 4.651778410241213, 'mape': 2.584321339022896}, {'round_number': 8, 'mae': 11.975831646869647, 'mse': 143.42054363416457, 'rmse': 14.370997976243576, 'mape': 7.983887764579765}]"
ea9e1076-21b5-59fb-8d46-c7729c5361ea,7a3ff909-4533-4465-9b93-c0df6a7eb71a,0,2026-06-01 12:00:00,participant_ea9e1076@example.com,A,true,example.csv,42.0,8707,F,false,,false,"",0.0,Test City,8,[],[],[],21.905930332017327,485.6620625506126,22.037741775204932,14.603953554678219,"[{'round_number': 1, 'mae': 18.67421884922249, 'mse': 348.7264496286566, 'rmse': 22.40906261906699, 'mape': 12.449479232814994}, {'round_number': 2, 'mae': 19.86699237247909, 'mse': 394.6973859281423, 'rmse': 23.840390846974906, 'mape': 13.244661581652727}, {'round_number': 3, 'mae': 22.331589789712684, 'mse': 498.6999025359998, 'rmse': 26.79790774765522, 'mape': 14.887726526475122}, {'round_number': 4, 'mae': 20.9322707456645, 'mse': 438.15995856980186, 'rmse': 25.1187248947974, 'mape': 13.954847163776334}, {'round_number': 5, 'mae': 26.537243458755096, 'mse': 704.2252903892402, 'rmse': 31.844692150506113, 'mape': 17.691495639170064}, {'round_number': 6, 'mae': 21.005182774852642, 'mse': 441.21770340496613, 'rmse': 25.20621932982317, 'mape': 14.003455183235095}, {'round_number': 7, 'mae': 24.70601188272362, 'mse': 610.3870231492807, 'rmse': 29.647214259268342, 'mape': 16.470674588482414}, {'round_number': 8, 'mae': 21.19393278272849, 'mse': 449.1827867988133, 'rmse': 25.432719339274186, 'mape': 14.129288521818992}]"
ea9e1076-21b5-59fb-8d46-c7729c5361ea,c810bdfd-7c61-495d-a631-431dd2392d3c,1,2026-06-02 12:00:00,participant_ea9e1076@example.com,B,false,upload.csv,42.0,8707,M,false,,false,"",0.0,Test City,8,[],[],[],15.616011720598085,251.7495716731696,15.866618154892668,10.410674480398724,"[{'round_number': 1, 'mae': 18.53390139041482, 'mse': 343.50550074962035, 'rmse': 22.240681668497782, 'mape': 12.355934260276547}, {'round_number': 2, 'mae': 12.386357075932533, 'mse': 153.42184161250395, 'rmse': 14.863628491119039, 'mape': 8.257571383955023}, {'round_number': 3, 'mae': 16.33597855065494, 'mse': 266.86419520745824, 'rmse': 19.603174260785927, 'mape': 10.890652367103293}, {'round_number': 4, 'mae': 16.51031367318608, 'mse': 272.5904575869952, 'rmse': 19.812376407823294, 'mape': 11.006875782124053}, {'round_number': 5, 'mae': 15.98828587438006, 'mse': 255.62528520090095, 'rmse': 19.18594304925607, 'mape': 10.658857249586706}, {'round_number': 6, 'mae': 10.258521013499873, 'mse': 105.23725338441847, 'rmse': 12.310225216199848, 'mape': 6.839014008999915}, {'round_number': 7, 'mae': 19.359030280690444, 'mse': 374.77205340868954, 'rmse': 23.23083633682853, 'mape': 12.906020187126963}, {'round_number': 8, 'mae': 15.55570590602593, 'mse': 241.97998623477, 'rmse': 18.666847087231115, 'mape': 10.370470604017287}]"
88ebcfa3-2748-5f1c-9893-b8df1f6432c3,b654939f-f65f-47d2-b7a4-be045fd28000,0,2026-06-01 12:00:00,participant_88ebcfa3@example.com,A,true,example.csv,33.0,5211,F,true,2.010324758308588,true,Type 1,16.413457164281446,Test City,8,[],[],[],12.928204995893939,170.9298313647261,13.074013590505638,8.61880333059596,"[{'round_number': 1, 'mae': 10.569119034438362, 'mse': 111.7062771641273, 'rmse': 12.682942841326033, 'mape': 7.046079356292242}, {'round_number': 2, 'mae': 14.23414509288755, 'mse': 202.61088652537472, 'rmse': 17.08097411146506, 'mape': 9.489430061925033}, {'round_number': 3, 'mae': 13.798993639150442, 'mse': 190.41222545331436, 'rmse': 16.55879236698053, 'mape': 9.19932909276696}, {'round_number': 4, 'mae': 12.232280778463153, 'mse': 149.6286930431591, 'rmse': 14.678736934155783, 'mape': 8.154853852308769}, {'round_number': 5, 'mae': 11.640507988266405, 'mse': 135.50142622489398, 'rmse': 13.968609585919685, 'mape': 7.76033865884427}, {'round_number': 6, 'mae': 10.858971095679571, 'mse': 117.91725325680439, 'rmse': 13.030765314815485, 'mape': 7.239314063786381}, {'round_number': 7, 'mae': 13.187179713502346, 'mse': 173.9017087962078, 'rmse': 15.824615656202814, 'mape': 8.791453142334896}, {'round_number': 8, 'mae': 16.904442624763682, 'mse': 285.76018045392726, 'rmse': 20.285331149716416, 'mape': 11.269628416509121}]"
88ebcfa3-2748-5f1c-9893-b8df1f6432c3,7e5e4be7-e000-4fce-9c0e-d8f80c9250a5,1,2026-06-02 12:00:00,participant_88ebcfa3@example.com,B,false,upload.csv,33.0,5211,M,true,2.010324758308588,true,Type 1,16.413457164281446,Test City,8,[],[],[],10.508457240637394,122.54122578182623,11.069834044908994,7.00563816042493,"[{'round_number': 1, 'mae': 8.402267756263923, 'mse': 70.59810344795237, 'rmse': 10.082721307516707, 'mape': 5.601511837509282}, {'round_number': 2, 'mae': 16.146374150351566, 'mse': 260.70539820314127, 'rmse': 19.37564898042188, 'mape': 10.764249433567711}, {'round_number': 3, 'mae': 14.108364406542362, 'mse': 199.04594622779143, 'rmse': 16.930037287850833, 'mape': 9.405576271028242}, {'round_number': 4, 'mae': 10.217528798471262, 'mse': 104.39789474758959, 'rmse': 12.261034558165514, 'mape': 6.811685865647508}, {'round_number': 5, 'mae': 13.925644636790336, 'mse': 193.92357855016746, 'rmse': 16.710773564148404, 'mape': 9.283763091193558}, {'round_number': 6, 'mae': 7.178709759814816, 'mse': 51.53387381566049, 'rmse': 8.614451711777779, 'mape': 4.785806506543211}, {'round_number': 7, 'mae': 6.381695174917356, 'mse': 40.72603330556346, 'rmse': 7.658034209900826, 'mape': 4.254463449944904}, {'round_number': 8, 'mae': 7.707073241947539, 'mse': 59.39897795674374, 'rmse': 9.248487890337046, 'mape': 5.138048827965026}]"
101b18e5-ce19-54bc-a613-1e18b21a53a3,fff640c2-6366-4267-85d0-70860d25c5b8,0,2026-06-01 12:00:00,participant_101b18e5@example.com,A,true,example.csv,41.0,1037,F,true,4.9875900235495925,false,"",0.0,Test City,8,[],[],[],13.243101452309023,181.3107479845508,13.465167952333562,8.828734301539349,"[{'round_number': 1, 'mae': 16.001592186475705, 'mse': 256.0509525022803, 'rmse': 19.201910623770846, 'mape': 10.667728124317136}, {'round_number': 2, 'mae': 9.297862391625394, 'mse': 86.45024505360189, 'rmse': 11.157434869950473, 'mape': 6.198574927750262}, {'round_number': 3, 'mae': 17.18937233383607, 'mse': 295.47452123124884, 'rmse': 20.62724680060328, 'mape': 11.459581555890713}, {'round_number': 4, 'mae': 11.445422378104443, 'mse': 130.99769341321397, 'rmse': 13.73450685372533, 'mape': 7.630281585402962}, {'round_number': 5, 'mae': 13.720772299105477, 'mse': 188.25959248390018, 'rmse': 16.46492675892657, 'mape': 9.147181532736985}, {'round_number': 6, 'mae': 14.464772715902438, 'mse': 209.22964972271558, 'rmse': 17.357727259082925, 'mape': 9.643181810601625}, {'round_number': 7, 'mae': 12.234692204553987, 'mse': 149.6876933401741, 'rmse': 14.681630645464784, 'mape': 8.156461469702657}, {'round_number': 8, 'mae': 11.590325108868672, 'mse': 134.3356361292716, 'rmse': 13.908390130642406, 'mape': 7.7268834059124485}]"
3b81deaa-341f-5af2-81ce-1020d27e38ef,c616c61a-1270-47de-8822-028b5f3f1f44,0,2026-06-01 12:00:00,participant_3b81deaa@example.com,A,true,example.csv,60.0,3978,F,false,,true,Type 1,12.799521002657926,Test City,8,[],[],[],16.81839942906571,290.5777993396973,17.046342696886548,11.212266286043807,"[{'round_number': 1, 'mae': 15.456527451027586, 'mse': 238.90424084436933, 'rmse': 18.547832941233104, 'mape': 10.30435163401839}, {'round_number': 2, 'mae': 16.065269121203194, 'mse': 258.09287193668484, 'rmse': 19.278322945443833, 'mape': 10.710179414135462}, {'round_number': 3, 'mae': 15.678191071889277, 'mse': 245.80567528666862, 'rmse': 18.813829286267133, 'mape': 10.452127381259517}, {'round_number': 4, 'mae': 19.789437502128493, 'mse': 391.6218366506496, 'rmse': 23.74732500255419, 'mape': 13.192958334752328}, {'round_number': 5, 'mae': 12.327740024283404, 'mse': 151.973174106319, 'rmse': 14.793288029140085, 'mape': 8.21849334952227}, {'round_number': 6, 'mae': 22.155018347585745, 'mse': 490.844837981861, 'rmse': 26.586022017102895, 'mape': 14.77001223172383}, {'round_number': 7, 'mae': 16.985585939970072, 'mse': 288.510129724109, 'rmse': 20.382703127964085, 'mape': 11.323723959980049}, {'round_number': 8, 'mae': 16.089425974437912, 'mse': 258.86962818691734, 'rmse': 19.307311169325494, 'mape': 10.726283982958607}]"
3b81deaa-341f-5af2-81ce-1020d27e38ef,0b945dc1-f0c9-47ce-b4ef-e693adc12e4c,1,2026-06-02 12:00:00,participant_3b81deaa@example.com,B,false,upload.csv,60.0,3978,M,false,,true,Type 1,12.799521002657926,Test City,8,[],[],[],15.530016879901702,243.4501020545813,15.602887619110165,10.353344586601134,"[{'round_number': 1, 'mae': 14.569473553799797, 'mse': 212.2695596348717, 'rmse': 17.483368264559758, 'mape': 9.712982369199866}, {'round_number': 2, 'mae': 16.648969331396167, 'mse': 277.18817979777015, 'rmse': 19.9787631976754, 'mape': 11.099312887597444}, {'round_number': 3, 'mae': 14.578861936731885, 'mse': 212.54321537028977, 'rmse': 17.494634324078262, 'mape': 9.71924129115459}, {'round_number': 4, 'mae': 16.709345538032945, 'mse': 279.2022283093815, 'rmse': 20.051214645639533, 'mape': 11.139563692021964}, {'round_number': 5, 'mae': 13.954188616038406, 'mse': 194.71937993197585, 'rmse': 16.74502633924609, 'mape': 9.302792410692271}, {'round_number': 6, 'mae': 17.240027983200306, 'mse': 297.2185648615296, 'rmse': 20.68803357984037, 'mape': 11.493351988800205}, {'round_number': 7, 'mae': 17.286592281933196, 'mse': 298.82627272179235, 'rmse': 20.743910738319833, 'mape': 11.52439485462213}, {'round_number': 8, 'mae': 13.252675798080912, 'mse': 175.63341580903952, 'rmse': 15.903210957697093, 'mape': 8.835117198720608}]"
01a0353e-186a-525b-aaec-0f327555ac9e,3b374650-1d80-44f2-8b1a-7df25981cf05,0,2026-06-01 12:00:00,participant_01a0353e@example.com,A,true,example.csv,39.0,32,F,true,1.4154423161899212,false,"",0.0,Test City,8,[],[],[],18.08925463176308,336.05716353213757,18.3318619766825,12.059503087842053,"[{'round_number': 1, 'mae': 16.328336867435844, 'mse': 266.6145848564646, 'rmse': 19.594004240923013, 'mape': 10.885557911623897}, {'round_number': 2, 'mae': 18.22641786141644, 'mse': 332.2023080589602, 'rmse': 21.871701433699727, 'mape': 12.150945240944294}, {'round_number': 3, 'mae': 21.42550611630877, 'mse': 459.05231233998455, 'rmse': 25.710607339570526, 'mape': 14.283670744205848}, {'round_number': 4, 'mae': 15.154817149568807, 'mse': 229.6684828368648, 'rmse': 18.185780579482568, 'mape': 10.103211433045871}, {'round_number': 5, 'mae': 21.041629906753847, 'mse': 442.7501891327979, 'rmse': 25.249955888104616, 'mape': 14.027753271169232}, {'round_number': 6, 'mae': 20.138605732586417, 'mse': 405.56344085256245, 'rmse': 24.1663268791037, 'mape': 13.425737155057611}, {'round_number': 7, 'mae': 19.925442127528385, 'mse': 397.0232439774829, 'rmse': 23.91053055303406, 'mape': 13.283628085018924}, {'round_number': 8, 'mae': 12.47328129250612, 'mse': 155.58274620198316, 'rmse': 14.967937551007344, 'mape': 8.315520861670747}]"
01a0353e-186a-525b-aaec-0f327555ac9e,ea2bb1b9-80a8-4a4a-9697-eedb29a5b512,1,2026-06-02 12:00:00,participant_01a0353e@example.com,B,false,upload.csv,39.0,32,M,true,1.4154423161899212,false,"",0.0,Test City,8,[],[],[],13.940940757208693,203.34420585407628,14.259880990179276,9.293960504805796,"[{'round_number': 1, 'mae': 14.2407322225497, 'mse': 202.79845423436535, 'rmse': 17.08887866705964, 'mape': 9.4938214816998}, {'round_number': 2, 'mae': 16.495241004526367, 'mse': 272.09297579740803, 'rmse': 19.79428920543164, 'mape': 10.996827336350911}, {'round_number': 3, 'mae': 12.261596110698953, 'mse': 150.34673918190768, 'rmse': 14.713915332838743, 'mape': 8.174397407132636}, {'round_number': 4, 'mae': 14.821381078746846, 'mse': 219.67333708143502, 'rmse': 17.785657294496215, 'mape': 9.880920719164564}, {'round_number': 5, 'mae': 7.416241174248839, 'mse': 55.00063315462379, 'rmse': 8.899489409098607, 'mape': 4.944160782832559}, {'round_number': 6, 'mae': 16.564640090318903, 'mse': 274.38730132180024, 'rmse': 19.877568108382683, 'mape': 11.043093393545936}, {'round_number': 7, 'mae': 12.563162552426267, 'mse': 157.83305331868567, 'rmse': 15.075795062911519, 'mape': 8.375441701617511}, {'round_number': 8, 'mae': 17.164531824153674, 'mse': 294.62115274238425, 'rmse': 20.59743818898441, 'mape': 11.44302121610245}]"
60c1dea1-c937-5df4-855f-e1744fa9b824,b9370bd5-668e-4b9e-8733-d69a373d99dc,0,2026-06-01 12:00:00,participant_60c1dea1@example.com,A,true,example.csv,27.0,1562,F,true,9.602920108127808,true,Type 1,21.118319818747935,Test City,8,[],[],[],11.860628287038768,153.89354101884652,12.405383549848288,7.907085524692512,"[{'round_number': 1, 'mae': 9.36612810038287, 'mse': 87.72435559278162, 'rmse': 11.239353720459443, 'mape': 6.244085400255247}, {'round_number': 2, 'mae': 17.948853209080156, 'mse': 322.161331521107, 'rmse': 21.538623850896187, 'mape': 11.96590213938677}, {'round_number': 3, 'mae': 8.731642723300839, 'mse': 76.24158464737249, 'rmse': 10.477971267961006, 'mape': 5.821095148867226}, {'round_number': 4, 'mae': 9.103417552388887, 'mse': 82.87221113314207, 'rmse': 10.924101062866663, 'mape': 6.068945034925925}, {'round_number': 5, 'mae': 10.39175306311728, 'mse': 107.98853172480737, 'rmse': 12.470103675740736, 'mape': 6.92783537541152}, {'round_number': 6, 'mae': 8.15382299715143, 'mse': 66.48482946887553, 'rmse': 9.784587596581716, 'mape': 5.435881998100953}, {'round_number': 7, 'mae': 14.792869533663408, 'mse': 218.82898903998705, 'rmse': 17.751443440396088, 'mape': 9.861913022442272}, {'round_number': 8, 'mae': 16.396539117225288, 'mse': 268.846495022699, 'rmse': 19.675846940670343, 'mape': 10.931026078150191}]"
60c1dea1-c937-5df4-855f-e1744fa9b824,3272e969-0752-447d-9633-e07168ab4f25,1,2026-06-02 12:00:00,participant_60c1dea1@example.com,B,false,upload.csv,27.0,1562,M,true,9.602920108127808,true,Type 1,21.118319818747935,Test City,8,[],[],[],7.129728448776991,60.72421163401974,7.792574134008591,4.75315229918466,"[{'round_number': 1, 'mae': 4.720268303420379, 'mse': 22.280932856275108, 'rmse': 5.664321964104455, 'mape': 3.1468455356135863}, {'round_number': 2, 'mae': 1.6544899661305097, 'mse': 2.7373370480265353, 'rmse': 1.9853879593566115, 'mape': 1.1029933107536731}, {'round_number': 3, 'mae': 10.348518412142651, 'mse': 107.09183332645546, 'rmse': 12.418222094571181, 'mape': 6.899012274761767}, {'round_number': 4, 'mae': 10.15775803854557, 'mse': 103.18004836963713, 'rmse': 12.189309646254683, 'mape': 6.771838692363713}, {'round_number': 5, 'mae': 9.297564079706147, 'mse': 86.44469781624201, 'rmse': 11.157076895647377, 'mape': 6.198376053137431}, {'round_number': 6, 'mae': 10.302120807417129, 'mse': 106.13369313061696, 'rmse': 12.362544968900554, 'mape': 6.868080538278086}, {'round_number': 7, 'mae': 4.230010705698978, 'mse': 17.89299057032797, 'rmse': 5.076012846838774, 'mape': 2.8200071371326523}, {'round_number': 8, 'mae': 6.327097277154568, 'mse': 40.03215995457675, 'rmse': 7.592516732585481, 'mape': 4.218064851436378}]"
ae6bfa9d-8143-53e1-a43c-95c9c0edbfd6,84b82028-916e-4a1f-b498-4edb1da6575e,0,2026-06-01 12:00:00,participant_ae6bfa9d@example.com,A,true,example.csv,39.0,5692,F,false,,false,"",0.0,Test City,8,[],[],[],18.378984128010135,346.6547760667115,18.618667408456265,12.25265608534009,"[{'round_number': 1, 'mae': 19.4068655044464, 'mse': 376.62642870767166, 'rmse': 23.288238605335682, 'mape': 12.9379103362976}, {'round_number': 2, 'mae': 14.44782179530848, 'mse': 208.73955462899073, 'rmse': 17.337386154370176, 'mape': 9.63188119687232}, {'round_number': 3, 'mae': 23.30227636469798, 'mse': 542.9960837767621, 'rmse': 27.962731637637578, 'mape': 15.534850909798655}, {'round_number': 4, 'mae': 16.68610191258552, 'mse': 278.4259970371902, 'rmse': 20.023322295102624, 'mape': 11.12406794172368}, {'round_number': 5, 'mae': 14.542287136936663, 'mse': 211.47811517311354, 'rmse': 17.450744564323994, 'mape': 9.694858091291108}, {'round_number': 6, 'mae': 18.857217193756878, 'mse': 355.59464029252, 'rmse': 22.628660632508254, 'mape': 12.571478129171252}, {'round_number': 7, 'mae': 21.867348655435922, 'mse': 478.18093721839523, 'rmse': 26.240818386523106, 'mape': 14.57823243695728}, {'round_number': 8, 'mae': 17.92195446091325, 'mse': 321.1964516990483, 'rmse': 21.5063453530959, 'mape': 11.947969640608832}]"
f4466555-7a85-5d0d-b107-55db0d7efb4a,1d93ace6-c630-4c88-80a3-fc39ba575f18,0,2026-06-01 12:00:00,participant_f4466555@example.com,A,true,example.csv,18.0,3614,F,true,7.189682038552964,true,Type 1,4.004765629143778,Test City,8,[],[],[],9.72852279837413,99.57023479485991,9.978488602732375,6.485681865582753,"[{'round_number': 1, 'mae': 12.599792278190773, 'mse': 158.75476545355582, 'rmse': 15.119750733828926, 'mape': 8.399861518793848}, {'round_number': 2, 'mae': 9.970351765608012, 'mse': 99.4079143299628, 'rmse': 11.964422118729614, 'mape': 6.6469011770720074}, {'round_number': 3, 'mae': 6.2428222360538435, 'mse': 38.97282947096831, 'rmse': 7.491386683264611, 'mape': 4.161881490702562}, {'round_number': 4, 'mae': 8.411208739357441, 'mse': 70.748432457043, 'rmse': 10.09345048722893, 'mape': 5.607472492904961}, {'round_number': 5, 'mae': 7.283461071204198, 'mse': 53.048805175747006, 'rmse': 8.740153285445038, 'mape': 4.855640714136132}, {'round_number': 6, 'mae': 10.43925453871333, 'mse': 108.97803532404686, 'rmse': 12.527105446455996, 'mape': 6.959503025808886}, {'round_number': 7, 'mae': 9.879502084582684, 'mse': 97.60456143927361, 'rmse': 11.85540250149922, 'mape': 6.586334723055123}, {'round_number': 8, 'mae': 13.001789673282747, 'mse': 169.04653470828188, 'rmse': 15.602147607939296, 'mape': 8.667859782188499}]"
f4466555-7a85-5d0d-b107-55db0d7efb4a,7ce3cfac-89d3-47f8-8b78-32146d2fbad9,1,2026-06-02 12:00:00,participant_f4466555@example.com,B,false,upload.csv,18.0,3614,M,true,7.189682038552964,true,Type 1,4.004765629143778,Test City,8,[],[],[],5.939018467674425,42.43778543281567,6.514429018173095,3.9593456451162834,"[{'round_number': 1, 'mae': 7.904669591579296, 'mse': 62.48380135203839, 'rmse': 9.485603509895155, 'mape': 5.269779727719531}, {'round_number': 2, 'mae': 1.0850724835474406, 'mse': 1.1773822945518106, 'rmse': 1.3020869802569286, 'mape': 0.7233816556982937}, {'round_number': 3, 'mae': 6.996646060001387, 'mse': 48.95305608893293, 'rmse': 8.395975272001664, 'mape': 4.664430706667591}, {'round_number': 4, 'mae': 8.466471424655774, 'mse': 71.68113838451276, 'rmse': 10.159765709586928, 'mape': 5.644314283103849}, {'round_number': 5, 'mae': 7.1433122667342115, 'mse': 51.02691014007546, 'rmse': 8.571974720081053, 'mape': 4.762208177822807}, {'round_number': 6, 'mae': 8.865853443474006, 'mse': 78.60335728115989, 'rmse': 10.639024132168807, 'mape': 5.910568962316003}, {'round_number': 7, 'mae': 4.126943487625289, 'mse': 17.031662550052786, 'rmse': 4.952332185150347, 'mape': 2.7512956584168595}, {'round_number': 8, 'mae': 2.923178983778004, 'mse': 8.544975371201405, 'rmse': 3.5078147805336046, 'mape': 1.948785989185336}]"
d25e0f18-4d43-5624-a49f-75c4f192b341,1a34644e-2169-4d54-80b1-a62c11d1e045,0,2026-06-01 12:00:00,participant_d25e0f18@example.com,A,true,example.csv,65.0,2675,F,true,3.7116076752515803,false,"",0.0,Test City,8,[],[],[],11.800111593403386,144.98887060225053,12.041132446836158,7.8667410622689244,"[{'round_number': 1, 'mae': 16.32939807792758, 'mse': 266.6492415874249, 'rmse': 19.595277693513093, 'mape': 10.886265385285052}, {'round_number': 2, 'mae': 11.080943466950405, 'mse': 122.78730811775087, 'rmse': 13.297132160340485, 'mape': 7.387295644633603}, {'round_number': 3, 'mae': 12.335299640927527, 'mse': 152.15961723146677, 'rmse': 14.802359569113031, 'mape': 8.223533093951685}, {'round_number': 4, 'mae': 9.059560199265292, 'mse': 82.07563100411177, 'rmse': 10.871472239118349, 'mape': 6.039706799510195}, {'round_number': 5, 'mae': 9.276915482941165, 'mse': 86.06116087763351, 'rmse': 11.132298579529397, 'mape': 6.184610321960776}, {'round_number': 6, 'mae': 9.783731718029705, 'mse': 95.72140633038047, 'rmse': 11.740478061635645, 'mape': 6.522487812019803}, {'round_number': 7, 'mae': 12.171548688761096, 'mse': 148.14659748288196, 'rmse': 14.605858426513315, 'mape': 8.114365792507398}, {'round_number': 8, 'mae': 14.36349547242432, 'mse': 206.31000218635396, 'rmse': 17.236194566909184, 'mape': 9.57566364828288}]"
d25e0f18-4d43-5624-a49f-75c4f192b341,e7b909e3-5b81-492f-86cf-c416613e6480,1,2026-06-02 12:00:00,participant_d25e0f18@example.com,B,false,upload.csv,65.0,2675,M,true,3.7116076752515803,false,"",0.0,Test City,8,[],[],[],10.716212233920162,130.10278065748162,11.40626059046003,7.144141489280108,"[{'round_number': 1, 'mae': 4.903741438645852, 'mse': 24.04668009709249, 'rmse': 5.884489726375023, 'mape': 3.269160959097235}, {'round_number': 2, 'mae': 14.05369460977214, 'mse': 197.5063321847385, 'rmse': 16.86443353172657, 'mape': 9.369129739848093}, {'round_number': 3, 'mae': 8.25118059755227, 'mse': 68.08198125342304, 'rmse': 9.901416717062725, 'mape': 5.500787065034847}, {'round_number': 4, 'mae': 8.598239812055887, 'mse': 73.92972786562285, 'rmse': 10.317887774467064, 'mape': 5.732159874703925}, {'round_number': 5, 'mae': 13.830741250143056, 'mse': 191.2894035284087, 'rmse': 16.596889500171667, 'mape': 9.220494166762037}, {'round_number': 6, 'mae': 11.573273288374892, 'mse': 133.9406546074118, 'rmse': 13.88792794604987, 'mape': 7.715515525583261}, {'round_number': 7, 'mae': 7.18787372719601, 'mse': 51.66552871811466, 'rmse': 8.625448472635211, 'mape': 4.791915818130673}, {'round_number': 8, 'mae': 17.33095314762119, 'mse': 300.3619370050409, 'rmse': 20.79714377714543, 'mape': 11.553968765080795}]"
bbc3119f-9bd4-5351-ba65-562ab9a78d79,4f47d32d-2b50-4c7a-871f-86817318606f,0,2026-06-01 12:00:00,participant_bbc3119f@example.com,A,true,example.csv,49.0,155,F,false,,true,Type 1,20.894093654384992,Test City,8,[],[],[],16.42309899362686,277.51634180191724,16.65882174110514,10.948732662417905,"[{'round_number': 1, 'mae': 14.29844083993601, 'mse': 204.44541045314998, 'rmse': 17.15812900792321, 'mape': 9.532293893290673}, {'round_number': 2, 'mae': 18.689716399421457, 'mse': 349.3054990908033, 'rmse': 22.427659679305748, 'mape': 12.459810932947638}, {'round_number': 3, 'mae': 13.439778779319294, 'mse': 180.62765363704122, 'rmse': 16.12773453518315, 'mape': 8.959852519546196}, {'round_number': 4, 'mae': 19.03183392178033, 'mse': 362.2107024262284, 'rmse': 22.838200706136394, 'mape': 12.687889281186886}, {'round_number': 5, 'mae': 13.376493457528158, 'mse': 178.9305772192936, 'rmse': 16.051792149033787, 'mape': 8.917662305018771}, {'round_number': 6, 'mae': 14.578820050430187, 'mse': 212.54199406282524, 'rmse': 17.494584060516225, 'mape': 9.719213366953458}, {'round_number': 7, 'mae': 21.353346989970767, 'mse': 455.96542767409363, 'rmse': 25.624016387964918, 'mape': 14.235564659980511}, {'round_number': 8, 'mae': 16.61636151062869, 'mse': 276.1034698519025, 'rmse': 19.939633812754426, 'mape': 11.077574340419126}]"
bbc3119f-9bd4-5351-ba65-562ab9a78d79,95f09119-4e79-491b-b25a-d217428d6122,1,2026-06-02 12:00:00,participant_bbc3119f@example.com,B,false,upload.csv,49.0,155,M,false,,true,Type 1,20.894093654384992,Test City,8,[],[],[],13.13880075341235,182.42563476346757,13.506503424775325,8.759200502274899,"[{'round_number': 1, 'mae': 12.048976798819128, 'mse': 145.17784189848163, 'rmse': 14.458772158582953, 'mape': 8.032651199212753}, {'round_number': 2, 'mae': 18.44584770574722, 'mse': 340.24929758362, 'rmse': 22.135017246896663, 'mape': 12.29723180383148}, {'round_number': 3, 'mae': 12.8037699028115, 'mse': 163.93652372414158, 'rmse': 15.3645238833738, 'mape': 8.535846601874333}, {'round_number': 4, 'mae': 9.271287957525237, 'mse': 85.95678039135248, 'rmse': 11.125545549030283, 'mape': 6.180858638350158}, {'round_number': 5, 'mae': 13.923583875594591, 'mse': 193.8661879407177, 'rmse': 16.708300650713507, 'mape': 9.282389250396394}, {'round_number': 6, 'mae': 8.174657129686757, 'mse': 66.82501918793854, 'rmse': 9.809588555624108, 'mape': 5.449771419791172}, {'round_number': 7, 'mae': 15.104649496942805, 'mse': 228.15043642549455, 'rmse': 18.125579396331364, 'mape': 10.069766331295204}, {'round_number': 8, 'mae': 15.337633160171558, 'mse': 235.24299095599417, 'rmse': 18.40515979220587, 'mape': 10.225088773447705}]"
1826551a-6258-593f-8993-a8c4994cbb34,d1abd040-7e01-45d2-aa75-f04cb9bbdad0,0,2026-06-01 12:00:00,participant_1826551a@example.com,A,true,example.csv,34.0,9578,F,true,0.6421988584178573,false,"",0.0,Test City,8,[],[],[],15.016452172887533,230.73106896201216,15.18983439547687,10.010968115258356,"[{'round_number': 1, 'mae': 16.273978514834354, 'mse': 264.84237670129016, 'rmse': 19.528774217801224, 'mape': 10.84931900988957}, {'round_number': 2, 'mae': 13.298450208898426, 'mse': 176.8487779585506, 'rmse': 15.958140250678111, 'mape': 8.865633472598951}, {'round_number': 3, 'mae': 17.935776658453907, 'mse': 321.69208434194, 'rmse': 21.522931990144688, 'mape': 11.957184438969271}, {'round_number': 4, 'mae': 10.105885970706034, 'mse': 102.12893125291303, 'rmse': 12.12706316484724, 'mape': 6.737257313804022}, {'round_number': 5, 'mae': 14.932934684726243, 'mse': 222.99253829830008, 'rmse': 17.919521621671493, 'mape': 9.955289789817495}, {'round_number': 6, 'mae': 15.019690164926631, 'mse': 225.59109265039376, 'rmse': 18.023628197911957, 'mape': 10.013126776617755}, {'round_number': 7, 'mae': 15.41171640493003, 'mse': 237.52100254598938, 'rmse': 18.494059685916035, 'mape': 10.274477603286686}, {'round_number': 8, 'mae': 17.153184775624624, 'mse': 294.23174794672036, 'rmse': 20.58382173074955, 'mape': 11.435456517083082}]"
65861d92-18bb-53a4-8182-67644ca6d033,05a196d4-6f51-4f28-8e9e-b73afdbd37b8,0,2026-06-01 12:00:00,participant_65861d92@example.com,A,true,example.csv,65.0,2440,F,true,3.387617673324394,true,Type 1,22.798465405223332,Test City,8,[],[],[],8.237929033615684,75.56388901330988,8.692749220661428,5.491952689077123,"[{'round_number': 1, 'mae': 4.074990857434386, 'mse': 16.605550488173833, 'rmse': 4.8899890289212635, 'mape': 2.716660571622924}, {'round_number': 2, 'mae': 8.705292988720002, 'mse': 75.78212601945762, 'rmse': 10.446351586464003, 'mape': 5.803528659146668}, {'round_number': 3, 'mae': 4.7327713440058865, 'mse': 22.399124594643286, 'rmse': 5.679325612807063, 'mape': 3.1551808960039245}, {'round_number': 4, 'mae': 7.816914766188088, 'mse': 61.104156461849364, 'rmse': 9.380297719425705, 'mape': 5.211276510792058}, {'round_number': 5, 'mae': 10.810267536906615, 'mse': 116.86188421949701, 'rmse': 12.972321044287938, 'mape': 7.20684502460441}, {'round_number': 6, 'mae': 10.722246518670975, 'mse': 114.96657040715183, 'rmse': 12.86669582240517, 'mape': 7.14816434578065}, {'round_number': 7, 'mae': 12.305509554920715, 'mse': 151.425565406245, 'rmse': 14.766611465904857, 'mape': 8.203673036613809}, {'round_number': 8, 'mae': 6.735438702078805, 'mse': 45.36613450946102, 'rmse': 8.082526442494565, 'mape': 4.4902924680525365}]"
65861d92-18bb-53a4-8182-67644ca6d033,fb2dd47e-8af6-4b53-8497-8b2a3a337dc8,1,2026-06-02 12:00:00,participant_65861d92@example.com,B,false,upload.csv,65.0,2440,M,true,3.387617673324394,true,Type 1,22.798465405223332,Test City,8,[],[],[],4.824213552184226,26.669436275640297,5.164245954216384,3.216142368122817,"[{'round_number': 1, 'mae': 1.0, 'mse': 1.0, 'rmse': 1.2, 'mape': 0.6666666666666666}, {'round_number': 2, 'mae': 6.193424692249032, 'mse': 38.35850941856001, 'rmse': 7.432109630698838, 'mape': 4.128949794832688}, {'round_number': 3, 'mae': 4.060659712599239, 'mse': 16.488957301526536, 'rmse': 4.872791655119087, 'mape': 2.7071064750661598}, {'round_number': 4, 'mae': 6.503700111317789, 'mse': 42.29811513795502, 'rmse': 7.8044401335813465, 'mape': 4.33580007421186}, {'round_number': 5, 'mae': 3.1650163742475748, 'mse': 10.017328649255264, 'rmse': 3.7980196490970894, 'mape': 2.11001091616505}, {'round_number': 6, 'mae': 6.718786234473439, 'mse': 45.142088464549765, 'rmse': 8.062543481368126, 'mape': 4.479190822982292}, {'round_number': 7, 'mae': 5.671010421248329, 'mse': 32.160359197907155, 'rmse': 6.8052125054979955, 'mape': 3.780673614165553}, {'round_number': 8, 'mae': 5.281110871338399, 'mse': 27.89013203536862, 'rmse': 6.337333045606078, 'mape': 3.520740580892266}]"
ce5d8e92-0c15-51b9-91b1-23492900e32b,5f3d3c7d-94bb-462c-b596-45f44a3f9917,0,2026-06-01 12:00:00,participant_ce5d8e92@example.com,A,true,example.csv,57.0,5873,F,false,,false,"",0.0,Test City,8,[],[],[],25.312244223521343,645.0443368881593,25.397723065033986,16.87482948234756,"[{'round_number': 1, 'mae': 24.713198932230195, 'mse': 610.7422014639836, 'rmse': 29.655838718676232, 'mape': 16.47546595482013}, {'round_number': 2, 'mae': 24.691810229773345, 'mse': 609.6854924231396, 'rmse': 29.630172275728015, 'mape': 16.461206819848897}, {'round_number': 3, 'mae': 26.984675297865305, 'mse': 728.172700931222, 'rmse': 32.38161035743836, 'mape': 17.989783531910202}, {'round_number': 4, 'mae': 22.478152489453358, 'mse': 505.26733933911817, 'rmse': 26.973782987344027, 'mape': 14.985434992968905}, {'round_number': 5, 'mae': 29.221146919467625, 'mse': 853.8754272891123, 'rmse': 35.06537630336115, 'mape': 19.480764612978415}, {'round_number': 6, 'mae': 23.695363875108573, 'mse': 561.4702691738004, 'rmse': 28.434436650130287, 'mape': 15.796909250072382}, {'round_number': 7, 'mae': 26.970238096452697, 'mse': 727.3937429793484, 'rmse': 32.364285715743236, 'mape': 17.980158730968466}, {'round_number': 8, 'mae': 23.743367947819664, 'mse': 563.7475215055501, 'rmse': 28.492041537383596, 'mape': 15.82891196521311}]"
ce5d8e92-0c15-51b9-91b1-23492900e32b,e77df88d-ef28-46c3-882d-c90bf4097526,1,2026-06-02 12:00:00,participant_ce5d8e92@example.com,B,false,upload.csv,57.0,5873,M,false,,false,"",0.0,Test City,8,[],[],[],19.998277732703304,412.22004303403486,20.30320277774014,13.332185155135535,"[{'round_number': 1, 'mae': 18.68466039085545, 'mse': 349.11653392160247, 'rmse': 22.42159246902654, 'mape': 12.456440260570298}, {'round_number': 2, 'mae': 25.521382834338663, 'mse': 651.3409817768762, 'rmse': 30.625659401206395, 'mape': 17.01425522289244}, {'round_number': 3, 'mae': 18.496624021542193, 'mse': 342.1251001942917, 'rmse': 22.195948825850632, 'mape': 12.331082681028128}, {'round_number': 4, 'mae': 15.59300808911939, 'mse': 243.14190126734275, 'rmse': 18.711609706943268, 'mape': 10.395338726079594}, {'round_number': 5, 'mae': 17.282411900084114, 'mse': 298.681761084169, 'rmse': 20.738894280100936, 'mape': 11.52160793338941}, {'round_number': 6, 'mae': 18.472974516621722, 'mse': 341.25078749175555, 'rmse': 22.167569419946066, 'mape': 12.315316344414482}, {'round_number': 7, 'mae': 25.890233935299648, 'mse': 670.3042132245415, 'rmse': 31.068280722359574, 'mape': 17.26015595686643}, {'round_number': 8, 'mae': 20.044926173765266, 'mse': 401.7990653116998, 'rmse': 24.053911408518317, 'mape': 13.363284115843511}]"
84a2a852-358c-5d5d-88e9-2cd25460e19a,dcf5fe01-c4d1-490b-9141-9ab50881be33,0,2026-06-01 12:00:00,participant_84a2a852@example.com,A,true,example.csv,42.0,4898,F,true,10.879294863350582,true,Type 1,14.092523980334548,Test City,8,[],[],[],10.162239638296972,110.94906086285641,10.533236010972907,6.774826425531315,"[{'round_number': 1, 'mae': 9.131505506223501, 'mse': 83.38439281019012, 'rmse': 10.957806607468202, 'mape': 6.087670337482334}, {'round_number': 2, 'mae': 13.03078523927697, 'mse': 169.80136395215854, 'rmse': 15.636942287132364, 'mape': 8.68719015951798}, {'round_number': 3, 'mae': 12.12806857655542, 'mse': 147.090047397631, 'rmse': 14.553682291866503, 'mape': 8.085379051036947}, {'round_number': 4, 'mae': 8.155172719599506, 'mse': 66.5068420865, 'rmse': 9.786207263519406, 'mape': 5.436781813066337}, {'round_number': 5, 'mae': 11.161948144436897, 'mse': 124.58908637909829, 'rmse': 13.394337773324276, 'mape': 7.441298762957931}, {'round_number': 6, 'mae': 10.429892122586267, 'mse': 108.78264968878707, 'rmse': 12.51587054710352, 'mape': 6.953261415057511}, {'round_number': 7, 'mae': 4.2442205733550855, 'mse': 18.01340827529057, 'rmse': 5.093064688026103, 'mape': 2.829480382236724}, {'round_number': 8, 'mae': 13.016324224342128, 'mse': 169.4246963131957, 'rmse': 15.619589069210553, 'mape': 8.677549482894753}]"
84a2a852-358c-5d5d-88e9-2cd25460e19a,31b0f6ef-96fb-4a74-9c3c-20291a0c220b,1,2026-06-02 12:00:00,participant_84a2a852@example.com,B,false,upload.csv,42.0,4898,M,true,10.879294863350582,true,Type 1,14.092523980334548,Test City,8,[],[],[],8.177063567670029,74.85438600392453,8.651842925291959,5.4513757117800195,"[{'round_number': 1, 'mae': 8.892265148631925, 'mse': 79.07237947357395, 'rmse': 10.670718178358308, 'mape': 5.928176765754617}, {'round_number': 2, 'mae': 5.954730507413277, 'mse': 35.45881541591839, 'rmse': 7.145676608895933, 'mape': 3.969820338275518}, {'round_number': 3, 'mae': 3.255849055557242, 'mse': 10.600553072572984, 'rmse': 3.90701886666869, 'mape': 2.1705660370381614}, {'round_number': 4, 'mae': 11.711177490799201, 'mse': 137.15167822100187, 'rmse': 14.05341298895904, 'mape': 7.807451660532801}, {'round_number': 5, 'mae': 8.069532751582726, 'mse': 65.11735882886627, 'rmse': 9.68343930189927, 'mape': 5.37968850105515}, {'round_number': 6, 'mae': 10.3216387714362, 'mse': 106.536226928015, 'rmse': 12.38596652572344, 'mape': 6.8810925142908}, {'round_number': 7, 'mae': 11.502500279507384, 'mse': 132.30751268006745, 'rmse': 13.80300033540886, 'mape': 7.668333519671589}, {'round_number': 8, 'mae': 5.708814536432271, 'mse': 32.59056341138041, 'rmse': 6.850577443718725, 'mape': 3.805876357621514}]"
05e05c1e-733e-5fa0-8e02-8f3a951119f5,91547434-706c-4c9e-8497-d87b0454414c,0,2026-06-01 12:00:00,participant_05e05c1e@example.com,A,true,example.csv,50.0,240,F,true,6.735053476269649,false,"",0.0,Test City,8,[],[],[],15.40401853776925,239.84594739451455,15.486960560242753,10.269345691846167,"[{'round_number': 1, 'mae': 15.084535704895638, 'mse': 227.54321743227132, 'rmse': 18.101442845874764, 'mape': 10.056357136597091}, {'round_number': 2, 'mae': 15.337425757446585, 'mse': 235.23662886518596, 'rmse': 18.4049109089359, 'mape': 10.22495050496439}, {'round_number': 3, 'mae': 18.683263153699713, 'mse': 349.06432207039336, 'rmse': 22.419915784439656, 'mape': 12.455508769133141}, {'round_number': 4, 'mae': 15.712865147897528, 'mse': 246.8941311560128, 'rmse': 18.855438177477033, 'mape': 10.475243431931686}, {'round_number': 5, 'mae': 14.880184310637407, 'mse': 221.41988511853964, 'rmse': 17.856221172764887, 'mape': 9.920122873758272}, {'round_number': 6, 'mae': 14.511770860261858, 'mse': 210.5914935007452, 'rmse': 17.414125032314228, 'mape': 9.67451390684124}, {'round_number': 7, 'mae': 16.365325002427298, 'mse': 267.82386243507204, 'rmse': 19.638390002912757, 'mape': 10.910216668284866}, {'round_number': 8, 'mae': 12.65677836488796, 'mse': 160.19403857789595, 'rmse': 15.188134037865552, 'mape': 8.437852243258641}]"
2f305964-5899-51b3-960c-592ea62888a6,20b6a070-efd6-4c81-ac34-b0668c16308f,0,2026-06-01 12:00:00,participant_2f305964@example.com,A,true,example.csv,35.0,4226,F,false,,true,Type 1,3.6267085212286956,Test City,8,[],[],[],17.272143047239986,306.6833356999372,17.512376643389587,11.514762031493325,"[{'round_number': 1, 'mae': 13.36026988422521, 'mse': 178.4968113793351, 'rmse': 16.03232386107025, 'mape': 8.906846589483473}, {'round_number': 2, 'mae': 21.20447381006914, 'mse': 449.62970956190804, 'rmse': 25.445368572082966, 'mape': 14.136315873379425}, {'round_number': 3, 'mae': 19.179782694925755, 'mse': 367.8640642245735, 'rmse': 23.015739233910907, 'mape': 12.786521796617171}, {'round_number': 4, 'mae': 16.54245696217555, 'mse': 273.6528823454303, 'rmse': 19.850948354610658, 'mape': 11.028304641450367}, {'round_number': 5, 'mae': 15.031744918565636, 'mse': 225.95335529682382, 'rmse': 18.038093902278764, 'mape': 10.021163279043757}, {'round_number': 6, 'mae': 21.764892961379857, 'mse': 473.7105656203224, 'rmse': 26.117871553655828, 'mape': 14.509928640919904}, {'round_number': 7, 'mae': 16.161459197203087, 'mse': 261.1927633828602, 'rmse': 19.393751036643703, 'mape': 10.774306131468725}, {'round_number': 8, 'mae': 14.932063949375646, 'mse': 222.96653378824382, 'rmse': 17.918476739250774, 'mape': 9.954709299583763}]"
2f305964-5899-51b3-960c-592ea62888a6,f29ecff5-7343-43f1-8afc-ec7a30679e7d,1,2026-06-02 12:00:00,participant_2f305964@example.com,B,false,upload.csv,35.0,4226,M,false,,true,Type 1,3.6267085212286956,Test City,8,[],[],[],12.227027239762972,158.26040757877462,12.580159282726694,8.151351493175314,"[{'round_number': 1, 'mae': 12.045175269634564, 'mse': 145.08624727621608, 'rmse': 14.454210323561476, 'mape': 8.030116846423043}, {'round_number': 2, 'mae': 12.053625758414942, 'mse': 145.28989392392418, 'rmse': 14.464350910097929, 'mape': 8.035750505609961}, {'round_number': 3, 'mae': 15.366749258630374, 'mse': 236.13698277761716, 'rmse': 18.44009911035645, 'mape': 10.244499505753582}, {'round_number': 4, 'mae': 11.078902061727405, 'mse': 122.74207089334774, 'rmse': 13.294682474072886, 'mape': 7.3859347078182696}, {'round_number': 5, 'mae': 17.433770611350944, 'mse': 303.93635772920385, 'rmse': 20.920524733621132, 'mape': 11.62251374090063}, {'round_number': 6, 'mae': 8.48973235917404, 'mse': 72.0755555304068, 'rmse': 10.187678831008848, 'mape': 5.659821572782693}, {'round_number': 7, 'mae': 13.217946789935722, 'mse': 174.71411734157206, 'rmse': 15.861536147922866, 'mape': 8.811964526623814}, {'round_number': 8, 'mae': 8.130315809235771, 'mse': 66.10203515790911, 'rmse': 9.756378971082926, 'mape': 5.4202105394905145}]"
28f782d3-41ff-5e5c-85bd-1827fbb6774a,fa688bcf-556c-41d3-9b30-8d2f2a65de7a,0,2026-06-01 12:00:00,participant_28f782d3@example.com,A,true,example.csv,70.0,4757,F,true,2.924472919600166,false,"",0.0,Test City,8,[],[],[],16.138055482628147,266.9182593664163,16.33763322413673,10.758703655085432,"[{'round_number': 1, 'mae': 19.280659795494795, 'mse': 371.7438421496094, 'rmse': 23.136791754593755, 'mape': 12.85377319699653}, {'round_number': 2, 'mae': 20.273971128671892, 'mse': 411.03390532622143, 'rmse': 24.32876535440627, 'mape': 13.515980752447929}, {'round_number': 3, 'mae': 13.17231856682234, 'mse': 173.50997642585256, 'rmse': 15.806782280186809, 'mape': 8.781545711214894}, {'round_number': 4, 'mae': 15.469472101662646, 'mse': 239.30456710411892, 'rmse': 18.563366521995174, 'mape': 10.31298140110843}, {'round_number': 5, 'mae': 12.323179258187922, 'mse': 151.86074702943304, 'rmse': 14.787815109825505, 'mape': 8.215452838791949}, {'round_number': 6, 'mae': 16.91986453071379, 'mse': 286.2818157377066, 'rmse': 20.30383743685655, 'mape': 11.279909687142528}, {'round_number': 7, 'mae': 16.203831471163237, 'mse': 262.5641543458602, 'rmse': 19.444597765395883, 'mape': 10.802554314108825}, {'round_number': 8, 'mae': 15.461147008308536, 'mse': 239.04706681252802, 'rmse': 18.553376409970245, 'mape': 10.307431338872357}]"
28f782d3-41ff-5e5c-85bd-1827fbb6774a,fd7a495d-4f48-451c-bba3-7b9dbd7abc42,1,2026-06-02 12:00:00,participant_28f782d3@example.com,B,false,upload.csv,70.0,4757,M,true,2.924472919600166,false,"",0.0,Test City,8,[],[],[],13.146689635975756,180.75890486618323,13.444660831206685,8.764459757317171,"[{'round_number': 1, 'mae': 11.932073613392426, 'mse': 142.37438071541578, 'rmse': 14.31848833607091, 'mape': 7.954715742261617}, {'round_number': 2, 'mae': 12.827738238550662, 'mse': 164.55086831677485, 'rmse': 15.393285886260793, 'mape': 8.551825492367108}, {'round_number': 3, 'mae': 11.746271613902909, 'mse': 137.97489682758126, 'rmse': 14.09552593668349, 'mape': 7.830847742601939}, {'round_number': 4, 'mae': 15.572343156172623, 'mse': 242.49787137359635, 'rmse': 18.686811787407148, 'mape': 10.381562104115082}, {'round_number': 5, 'mae': 18.533307771708344, 'mse': 343.4834969608649, 'rmse': 22.239969326050012, 'mape': 12.35553851447223}, {'round_number': 6, 'mae': 8.1932853043872, 'mse': 67.12992407908725, 'rmse': 9.83194236526464, 'mape': 5.462190202924799}, {'round_number': 7, 'mae': 13.637555081879936, 'mse': 185.98290861130928, 'rmse': 16.365066098255923, 'mape': 9.091703387919958}, {'round_number': 8, 'mae': 12.730942307811947, 'mse': 162.0768920448362, 'rmse': 15.277130769374336, 'mape': 8.487294871874631}]"
8028d5c4-a9de-56a7-ab45-846a5fb9ccee,8f75b343-b7b9-40cb-88d1-e6780ec3ab9f,0,2026-06-01 12:00:00,participant_8028d5c4@example.com,A,true,example.csv,38.0,6173,F,true,0.418839792476962,true,Type 1,20.860578516839432,Test City,8,[],[],[],7.259110332310488,56.11148935324988,7.490760265370257,4.839406888206992,"[{'round_number': 1, 'mae': 7.842832465444165, 'mse': 61.510021081024995, 'rmse': 9.411398958532997, 'mape': 5.228554976962776}, {'round_number': 2, 'mae': 7.060584878878693, 'mse': 49.85185883185045, 'rmse': 8.472701854654431, 'mape': 4.707056585919129}, {'round_number': 3, 'mae': 8.655572362600331, 'mse': 74.91893292421068, 'rmse': 10.386686835120397, 'mape': 5.770381575066888}, {'round_number': 4, 'mae': 6.805558661676461, 'mse': 46.3156286975195, 'rmse': 8.166670394011753, 'mape': 4.537039107784307}, {'round_number': 5, 'mae': 2.883545626638802, 'mse': 8.31483538090776, 'rmse': 3.4602547519665623, 'mape': 1.9223637510925347}, {'round_number': 6, 'mae': 9.332199805369092, 'mse': 87.08995320733091, 'rmse': 11.19863976644291, 'mape': 6.221466536912728}, {'round_number': 7, 'mae': 8.409819086941697, 'mse': 70.72505707508888, 'rmse': 10.091782904330037, 'mape': 5.606546057961132}, {'round_number': 8, 'mae': 7.0827697709346635, 'mse': 50.16562762806586, 'rmse': 8.499323725121595, 'mape': 4.721846513956442}]"
8028d5c4-a9de-56a7-ab45-846a5fb9ccee,24b7c6d0-0c7b-4126-8a20-66d0134ee019,1,2026-06-02 12:00:00,participant_8028d5c4@example.com,B,false,upload.csv,38.0,6173,M,true,0.418839792476962,true,Type 1,20.860578516839432,Test City,8,[],[],[],6.352430574015644,52.01675894907544,7.212264481359196,4.23495371601043,"[{'round_number': 1, 'mae': 8.790794532470636, 'mse': 77.27806851211564, 'rmse': 10.548953438964764, 'mape': 5.860529688313758}, {'round_number': 2, 'mae': 9.491506389945627, 'mse': 90.08869355037866, 'rmse': 11.389807667934752, 'mape': 6.327670926630418}, {'round_number': 3, 'mae': 2.5591718382054056, 'mse': 6.549360497463635, 'rmse': 3.0710062058464866, 'mape': 1.7061145588036037}, {'round_number': 4, 'mae': 3.492791524614368, 'mse': 12.19959263441796, 'rmse': 4.191349829537241, 'mape': 2.328527683076245}, {'round_number': 5, 'mae': 10.47787502787352, 'mse': 109.7858650997355, 'rmse': 12.573450033448223, 'mape': 6.985250018582346}, {'round_number': 6, 'mae': 10.092575340343906, 'mse': 101.8600770005179, 'rmse': 12.111090408412688, 'mape': 6.728383560229271}, {'round_number': 7, 'mae': 3.620840354811676, 'mse': 13.110484875032743, 'rmse': 4.345008425774011, 'mape': 2.4138935698744506}, {'round_number': 8, 'mae': 2.2938895838600137, 'mse': 5.261929422941467, 'rmse': 2.7526675006320165, 'mape': 1.5292597225733424}]"
787c2f3f-d895-54bf-bb67-4f8c4b96b187,a0b1982c-cb75-4a60-8c91-35ed8391f224,0,2026-06-01 12:00:00,participant_787c2f3f@example.com,A,true,example.csv,35.0,1849,F,false,,false,"",0.0,Test City,8,[],[],[],18.22988297809087,339.0767389359544,18.414036465043573,12.153255318727247,"[{'round_number': 1, 'mae': 14.697532289395923, 'mse': 216.01745539783576, 'rmse': 17.637038747275106, 'mape': 9.798354859597282}, {'round_number': 2, 'mae': 19.54323154330386, 'mse': 381.93789915518704, 'rmse': 23.451877851964632, 'mape': 13.02882102886924}, {'round_number': 3, 'mae': 15.609193055831529, 'mse': 243.64690785421922, 'rmse': 18.731031666997833, 'mape': 10.406128703887687}, {'round_number': 4, 'mae': 15.818560834931516, 'mse': 250.22686688842924, 'rmse': 18.982273001917818, 'mape': 10.545707223287677}, {'round_number': 5, 'mae': 22.198049051854397, 'mse': 492.75338170853394, 'rmse': 26.637658862225276, 'mape': 14.798699367902932}, {'round_number': 6, 'mae': 17.400161958613804, 'mse': 302.76563618599096, 'rmse': 20.880194350336563, 'mape': 11.600107972409203}, {'round_number': 7, 'mae': 19.23531623871274, 'mse': 369.99739080328607, 'rmse': 23.082379486455288, 'mape': 12.823544159141827}, {'round_number': 8, 'mae': 21.33701885208318, 'mse': 455.268373494153, 'rmse': 25.604422622499815, 'mape': 14.22467923472212}]"
41ed91d7-ab5c-51d4-a888-c357b2598a33,9db3ed21-4da7-41ca-a012-f215cf74a8b0,0,2026-06-01 12:00:00,participant_41ed91d7@example.com,A,true,example.csv,51.0,7771,F,true,4.710569436702606,true,Type 1,22.57008271489984,Test City,8,[],[],[],7.705853398262072,66.63476594332016,8.1630120631615,5.137235598841381,"[{'round_number': 1, 'mae': 8.378485313794414, 'mse': 70.19901615346868, 'rmse': 10.054182376553296, 'mape': 5.585656875862942}, {'round_number': 2, 'mae': 3.1189165207268736, 'mse': 9.727640263263027, 'rmse': 3.7426998248722483, 'mape': 2.0792776804845823}, {'round_number': 3, 'mae': 6.440809767073995, 'mse': 41.484030455635775, 'rmse': 7.7289717204887936, 'mape': 4.29387317804933}, {'round_number': 4, 'mae': 8.569290922583338, 'mse': 73.4327469158692, 'rmse': 10.283149107100005, 'mape': 5.7128606150555585}, {'round_number': 5, 'mae': 7.866868760211179, 'mse': 61.887624090386566, 'rmse': 9.440242512253414, 'mape': 5.244579173474119}, {'round_number': 6, 'mae': 11.91614621462616, 'mse': 141.99454060834935, 'rmse': 14.299375457551392, 'mape': 7.94409747641744}, {'round_number': 7, 'mae': 10.545593200055212, 'mse': 111.20953594105072, 'rmse': 12.654711840066254, 'mape': 7.0303954667034745}, {'round_number': 8, 'mae': 4.8107164870254, 'mse': 23.142993118538005, 'rmse': 5.772859784430479, 'mape': 3.2071443246836}]"
41ed91d7-ab5c-51d4-a888-c357b2598a33,d7e7a343-a95e-4688-9374-f3b3c23e3f13,1,2026-06-02 12:00:00,participant_41ed91d7@example.com,B,false,upload.csv,51.0,7771,M,true,4.710569436702606,true,Type 1,22.57008271489984,Test City,8,[],[],[],3.453019777825617,21.658478308252366,4.65386702734966,2.302013185217078,"[{'round_number': 1, 'mae': 2.7830190246652307, 'mse': 7.7451948916486115, 'rmse': 3.3396228295982766, 'mape': 1.8553460164434872}, {'round_number': 2, 'mae': 1.0, 'mse': 1.0, 'rmse': 1.2, 'mape': 0.6666666666666666}, {'round_number': 3, 'mae': 3.798919474720349, 'mse': 14.431789175409532, 'rmse': 4.558703369664419, 'mape': 2.5326129831468993}, {'round_number': 4, 'mae': 3.503623704691026, 'mse': 12.27537906407287, 'rmse': 4.204348445629231, 'mape': 2.335749136460684}, {'round_number': 5, 'mae': 11.161009113909135, 'mse': 124.56812444076276, 'rmse': 13.393210936690961, 'mape': 7.44067274260609}, {'round_number': 6, 'mae': 3.3432858386808575, 'mse': 11.177560199123965, 'rmse': 4.011943006417029, 'mape': 2.2288572257872383}, {'round_number': 7, 'mae': 1.0, 'mse': 1.0, 'rmse': 1.2, 'mape': 0.6666666666666666}, {'round_number': 8, 'mae': 1.0343010659383403, 'mse': 1.069778695001187, 'rmse': 1.2411612791260083, 'mape': 0.6895340439588935}]"
c8e1e418-1bce-5cbd-8f0c-8816aeea1e73,43ca302d-86db-4d35-b6ab-26fd95ee5351,0,2026-06-01 12:00:00,participant_c8e1e418@example.com,A,true,example.csv,20.0,1422,F,true,6.215520079020031,false,"",0.0,Test City,8,[],[],[],10.473737551965453,113.31655571636496,10.645024927935347,6.982491701310302,"[{'round_number': 1, 'mae': 10.392823373336462, 'mse': 108.01077766936868, 'rmse': 12.471388048003755, 'mape': 6.928548915557641}, {'round_number': 2, 'mae': 12.51516570141761, 'mse': 156.62937253393974, 'rmse': 15.018198841701132, 'mape': 8.343443800945073}, {'round_number': 3, 'mae': 10.99370476438392, 'mse': 120.86154444643772, 'rmse': 13.192445717260705, 'mape': 7.32913650958928}, {'round_number': 4, 'mae': 8.822033335679967, 'mse': 77.8282721758486, 'rmse': 10.58644000281596, 'mape': 5.881355557119978}, {'round_number': 5, 'mae': 13.852774501506143, 'mse': 191.8993613895788, 'rmse': 16.62332940180737, 'mape': 9.235183001004096}, {'round_number': 6, 'mae': 9.87081844944715, 'mse': 97.43305686194623, 'rmse': 11.84498213933658, 'mape': 6.580545632964767}, {'round_number': 7, 'mae': 9.991804267785461, 'mse': 99.83615252573576, 'rmse': 11.990165121342553, 'mape': 6.661202845190307}, {'round_number': 8, 'mae': 7.350776022166919, 'mse': 54.033908128064105, 'rmse': 8.820931226600303, 'mape': 4.900517348111279}]"
c8e1e418-1bce-5cbd-8f0c-8816aeea1e73,037c014c-2f5a-4f02-a4c7-81cfc15a8905,1,2026-06-02 12:00:00,participant_c8e1e418@example.com,B,false,upload.csv,20.0,1422,M,true,6.215520079020031,false,"",0.0,Test City,8,[],[],[],8.769738230821227,82.45533247064867,9.080491862814958,5.846492153880818,"[{'round_number': 1, 'mae': 7.296488534513955, 'mse': 53.2387449342936, 'rmse': 8.755786241416745, 'mape': 4.86432568967597}, {'round_number': 2, 'mae': 11.609850546855004, 'mse': 134.78862972030942, 'rmse': 13.931820656226003, 'mape': 7.739900364570002}, {'round_number': 3, 'mae': 4.801570283598283, 'mse': 23.0550771883341, 'rmse': 5.76188434031794, 'mape': 3.201046855732189}, {'round_number': 4, 'mae': 9.441014675298408, 'mse': 89.1327580991999, 'rmse': 11.32921761035809, 'mape': 6.294009783532272}, {'round_number': 5, 'mae': 11.807710829024185, 'mse': 139.422035021855, 'rmse': 14.169252994829021, 'mape': 7.871807219349456}, {'round_number': 6, 'mae': 8.523209937814778, 'mse': 72.6451076440646, 'rmse': 10.227851925377733, 'mape': 5.6821399585431855}, {'round_number': 7, 'mae': 10.373907314414431, 'mse': 107.61795296806125, 'rmse': 12.448688777297317, 'mape': 6.915938209609621}, {'round_number': 8, 'mae': 6.3041537250507655, 'mse': 39.74235418907144, 'rmse': 7.564984470060918, 'mape': 4.202769150033844}]"
9b21db01-9fca-5b1c-a90c-ef603a349ee1,4e275f46-0dd9-4b54-a58e-061859b621f0,0,2026-06-01 12:00:00,participant_9b21db01@example.com,A,true,example.csv,64.0,7465,F,false,,true,Type 1,16.992690033433952,Test City,8,[],[],[],17.29001603974239,306.0509564897127,17.49431211822039,11.52667735982826,"[{'round_number': 1, 'mae': 13.255205814626992, 'mse': 175.70048118812122, 'rmse': 15.906246977552389, 'mape': 8.836803876417994}, {'round_number': 2, 'mae': 19.323202013512212, 'mse': 373.3861360550024, 'rmse': 23.187842416214654, 'mape': 12.882134675674807}, {'round_number': 3, 'mae': 21.53245609855429, 'mse': 463.6466656361679, 'rmse': 25.83894731826515, 'mape': 14.354970732369528}, {'round_number': 4, 'mae': 17.28293914767319, 'mse': 298.69998558217446, 'rmse': 20.739526977207827, 'mape': 11.521959431782127}, {'round_number': 5, 'mae': 20.13504962982528, 'mse': 405.4202235955271, 'rmse': 24.162059555790332, 'mape': 13.42336641988352}, {'round_number': 6, 'mae': 14.569807717453564, 'mse': 212.27929692356943, 'rmse': 17.483769260944275, 'mape': 9.713205144969043}, {'round_number': 7, 'mae': 15.82493135788547, 'mse': 250.42845248178688, 'rmse': 18.989917629462564, 'mape': 10.549954238590313}, {'round_number': 8, 'mae': 16.39653653840811, 'mse': 268.8464104553522, 'rmse': 19.67584384608973, 'mape': 10.93102435893874}]"
9b21db01-9fca-5b1c-a90c-ef603a349ee1,113ede2e-1d16-400f-86c0-f5258bad4597,1,2026-06-02 12:00:00,participant_9b21db01@example.com,B,false,upload.csv,64.0,7465,M,false,,true,Type 1,16.992690033433952,Test City,8,[],[],[],11.329060311571972,137.92963857912173,11.744344961687805,7.552706874381315,"[{'round_number': 1, 'mae': 13.217222808301774, 'mse': 174.6949787642926, 'rmse': 15.860667369962128, 'mape': 8.811481872201183}, {'round_number': 2, 'mae': 7.361503775762019, 'mse': 54.19173784055846, 'rmse': 8.833804530914422, 'mape': 4.907669183841346}, {'round_number': 3, 'mae': 14.769933074711659, 'mse': 218.1509230314614, 'rmse': 17.72391968965399, 'mape': 9.846622049807772}, {'round_number': 4, 'mae': 15.915572480197163, 'mse': 253.30544737240928, 'rmse': 19.098686976236596, 'mape': 10.610381653464776}, {'round_number': 5, 'mae': 8.501727100576886, 'mse': 72.27936369268346, 'rmse': 10.202072520692264, 'mape': 5.6678180670512575}, {'round_number': 6, 'mae': 7.881913533317219, 'mse': 62.12456094668912, 'rmse': 9.458296239980662, 'mape': 5.254609022211479}, {'round_number': 7, 'mae': 12.999612890949635, 'mse': 168.9899353145439, 'rmse': 15.59953546913956, 'mape': 8.666408593966423}, {'round_number': 8, 'mae': 9.98499682875942, 'mse': 99.70016167033569, 'rmse': 11.981996194511305, 'mape': 6.656664552506281}]"
0ed59e24-ad8d-53ae-9af4-90f6e0b51254,6295e01c-4d33-4eb1-ab36-87e9980082de,0,2026-06-01 12:00:00,participant_0ed59e24@example.com,A,true,example.csv,59.0,3663,F,true,1.5504040042775566,false,"",0.0,Test City,8,[],[],[],21.504676234527146,470.4291300559245,21.689378277302566,14.336450823018097,"[{'round_number': 1, 'mae': 20.184231468966903, 'mse': 407.40319999283383, 'rmse': 24.221077762760284, 'mape': 13.456154312644601}, {'round_number': 2, 'mae': 27.95450534052264, 'mse': 781.4543688333089, 'rmse': 33.545406408627166, 'mape': 18.63633689368176}, {'round_number': 3, 'mae': 22.03088521742941, 'mse': 485.35990346354976, 'rmse': 26.437062260915294, 'mape': 14.687256811619607}, {'round_number': 4, 'mae': 19.353882281474828, 'mse': 374.5727593651853, 'rmse': 23.224658737769794, 'mape': 12.902588187649885}, {'round_number': 5, 'mae': 21.91762789869147, 'mse': 480.3824127054987, 'rmse': 26.301153478429764, 'mape': 14.611751932460981}, {'round_number': 6, 'mae': 18.493964660097756, 'mse': 342.0267288489447, 'rmse': 22.192757592117307, 'mape': 12.329309773398505}, {'round_number': 7, 'mae': 19.3290521402682, 'mse': 373.61225664120667, 'rmse': 23.194862568321838, 'mape': 12.8860347601788}, {'round_number': 8, 'mae': 22.773260868765984, 'mse': 518.621410596868, 'rmse': 27.32791304251918, 'mape': 15.182173912510656}]"
2c19c3bb-3669-5d58-aec4-b10e332a252a,fcfd67be-9095-4025-8a40-65bc046a4089,0,2026-06-01 12:00:00,participant_2c19c3bb@example.com,A,true,example.csv,36.0,4054,F,true,4.286151357173188,true,Type 1,24.7708679304163,Test City,8,[],[],[],13.65370524457434,196.0758963254171,14.002710320699244,9.10247016304956,"[{'round_number': 1, 'mae': 14.59495450690847, 'mse': 213.01269705872787, 'rmse': 17.513945408290162, 'mape': 9.729969671272313}, {'round_number': 2, 'mae': 14.461109085486402, 'mse': 209.12367598233737, 'rmse': 17.353330902583682, 'mape': 9.640739390324269}, {'round_number': 3, 'mae': 17.37825909703524, 'mse': 302.0038892436881, 'rmse': 20.85391091644229, 'mape': 11.58550606469016}, {'round_number': 4, 'mae': 12.949866442388332, 'mse': 167.69904087569543, 'rmse': 15.539839730865998, 'mape': 8.633244294925555}, {'round_number': 5, 'mae': 18.575046775013156, 'mse': 345.03236269392664, 'rmse': 22.29005613001579, 'mape': 12.383364516675437}, {'round_number': 6, 'mae': 10.154299396426888, 'mse': 103.10979623227546, 'rmse': 12.185159275712264, 'mape': 6.769532930951258}, {'round_number': 7, 'mae': 12.243391337150081, 'mse': 149.90063143460165, 'rmse': 14.692069604580096, 'mape': 8.162260891433387}, {'round_number': 8, 'mae': 8.872715316186154, 'mse': 78.72507708208437, 'rmse': 10.647258379423384, 'mape': 5.915143544124103}]"
2c19c3bb-3669-5d58-aec4-b10e332a252a,fdd3040d-ab99-4bbf-9ed2-8c110632ad94,1,2026-06-02 12:00:00,participant_2c19c3bb@example.com,B,false,upload.csv,36.0,4054,M,true,4.286151357173188,true,Type 1,24.7708679304163,Test City,8,[],[],[],8.21438960210617,72.88151675264737,8.537067221982463,5.476259734737447,"[{'round_number': 1, 'mae': 7.677806751631713, 'mse': 58.948716515401514, 'rmse': 9.213368101958055, 'mape': 5.118537834421142}, {'round_number': 2, 'mae': 10.26445310957375, 'mse': 105.35899763863824, 'rmse': 12.317343731488501, 'mape': 6.842968739715833}, {'round_number': 3, 'mae': 13.062866478386091, 'mse': 170.63848063214303, 'rmse': 15.675439774063308, 'mape': 8.708577652257395}, {'round_number': 4, 'mae': 6.71914319611983, 'mse': 45.1468852899634, 'rmse': 8.062971835343795, 'mape': 4.479428797413219}, {'round_number': 5, 'mae': 8.72503923150783, 'mse': 76.12630959135075, 'rmse': 10.470047077809395, 'mape': 5.81669282100522}, {'round_number': 6, 'mae': 7.631494611205727, 'mse': 58.23971000086205, 'rmse': 9.157793533446872, 'mape': 5.087663074137152}, {'round_number': 7, 'mae': 6.493325988355859, 'mse': 42.16328239105759, 'rmse': 7.791991186027031, 'mape': 4.328883992237239}, {'round_number': 8, 'mae': 5.140987450068554, 'mse': 26.429751961762374, 'rmse': 6.169184940082265, 'mape': 3.4273249667123693}]"
c2664e6a-6753-59dd-aca2-08af01ee5fbc,cbf9bc8f-1e47-401e-91c4-dbeb714235d8,0,2026-06-01 12:00:00,participant_c2664e6a@example.com,A,true,example.csv,69.0,8445,F,false,,false,"",0.0,Test City,8,[],[],[],21.92974190203536,493.3174846656394,22.210751555623673,14.61982793469024,"[{'round_number': 1, 'mae': 22.574274113680712, 'mse': 509.5978517595951, 'rmse': 27.089128936416852, 'mape': 15.04951607578714}, {'round_number': 2, 'mae': 22.305500467670473, 'mse': 497.5353511132477, 'rmse': 26.766600561204566, 'mape': 14.870333645113648}, {'round_number': 3, 'mae': 20.269393764435563, 'mse': 410.8483235777393, 'rmse': 24.323272517322675, 'mape': 13.512929176290376}, {'round_number': 4, 'mae': 19.209933951477325, 'mse': 369.02156242012126, 'rmse': 23.05192074177279, 'mape': 12.806622634318217}, {'round_number': 5, 'mae': 18.089722816380053, 'mse': 327.23807157346107, 'rmse': 21.707667379656062, 'mape': 12.059815210920036}, {'round_number': 6, 'mae': 27.856629894140433, 'mse': 775.9918290591185, 'rmse': 33.42795587296852, 'mape': 18.571086596093622}, {'round_number': 7, 'mae': 18.216728468640728, 'mse': 331.84919610018557, 'rmse': 21.86007416236887, 'mape': 12.144485645760485}, {'round_number': 8, 'mae': 26.91575173985759, 'mse': 724.4576917216469, 'rmse': 32.298902087829106, 'mape': 17.943834493238395}]"
c2664e6a-6753-59dd-aca2-08af01ee5fbc,0fbdce33-7280-4d9b-800b-24d4bc47b24a,1,2026-06-02 12:00:00,participant_c2664e6a@example.com,B,false,upload.csv,69.0,8445,M,false,,false,"",0.0,Test City,8,[],[],[],17.96519031918642,331.330625934095,18.202489553192855,11.976793546124279,"[{'round_number': 1, 'mae': 19.139409926951537, 'mse': 366.31701235189104, 'rmse': 22.967291912341842, 'mape': 12.759606617967691}, {'round_number': 2, 'mae': 16.246852742494344, 'mse': 263.960224036296, 'rmse': 19.49622329099321, 'mape': 10.831235161662896}, {'round_number': 3, 'mae': 13.86768511618398, 'mse': 192.31269048163068, 'rmse': 16.641222139420776, 'mape': 9.24512341078932}, {'round_number': 4, 'mae': 20.46639613792894, 'mse': 418.8733708746326, 'rmse': 24.559675365514725, 'mape': 13.644264091952627}, {'round_number': 5, 'mae': 22.527869237575217, 'mse': 507.5048923852878, 'rmse': 27.03344308509026, 'mape': 15.018579491716812}, {'round_number': 6, 'mae': 14.536842420919534, 'mse': 211.3197875706457, 'rmse': 17.44421090510344, 'mape': 9.691228280613023}, {'round_number': 7, 'mae': 16.44268002970769, 'mse': 270.36172655934814, 'rmse': 19.73121603564923, 'mape': 10.961786686471795}, {'round_number': 8, 'mae': 20.493786941730118, 'mse': 419.9953032130279, 'rmse': 24.59254433007614, 'mape': 13.662524627820078}]"
b87ff508-693d-524b-a522-ee2a958ad36a,38054fc2-9ddb-4d99-96e9-a9e0e9fb81a1,0,2026-06-01 12:00:00,participant_b87ff508@example.com,A,true,example.csv,67.0,4513,F,true,2.315058507535451,true,Type 1,2.6697295231858025,Test City,8,[],[],[],16.01386851557796,271.7382021572774,16.48448367881983,10.675912343718641,"[{'round_number': 1, 'mae': 22.13035719348313, 'mse': 489.75270951115044, 'rmse': 26.556428632179752, 'mape': 14.753571462322085}, {'round_number': 2, 'mae': 13.651659565121228, 'mse': 186.36780888196594, 'rmse': 16.381991478145473, 'mape': 9.101106376747486}, {'round_number': 3, 'mae': 9.218780914100394, 'mse': 84.9859215421817, 'rmse': 11.062537096920472, 'mape': 6.145853942733596}, {'round_number': 4, 'mae': 15.465389938207105, 'mse': 239.17828594079756, 'rmse': 18.558467925848525, 'mape': 10.310259958804737}, {'round_number': 5, 'mae': 15.424390138646029, 'mse': 237.91181114916085, 'rmse': 18.509268166375232, 'mape': 10.282926759097352}, {'round_number': 6, 'mae': 21.589396539671363, 'mse': 466.1020429471738, 'rmse': 25.907275847605636, 'mape': 14.392931026447576}, {'round_number': 7, 'mae': 14.82622306583476, 'mse': 219.8168903978907, 'rmse': 17.791467679001713, 'mape': 9.884148710556508}, {'round_number': 8, 'mae': 15.804750769559703, 'mse': 249.79014688789803, 'rmse': 18.965700923471644, 'mape': 10.536500513039803}]"
b87ff508-693d-524b-a522-ee2a958ad36a,dfca1ce2-146a-416d-99d8-077641c1c6da,1,2026-06-02 12:00:00,participant_b87ff508@example.com,B,false,upload.csv,67.0,4513,M,true,2.315058507535451,true,Type 1,2.6697295231858025,Test City,8,[],[],[],13.28184724008692,179.55592227837943,13.399847845344343,8.854564826724614,"[{'round_number': 1, 'mae': 13.75565057769619, 'mse': 189.21792281567355, 'rmse': 16.506780693235427, 'mape': 9.170433718464126}, {'round_number': 2, 'mae': 16.734146011286295, 'mse': 280.031642727049, 'rmse': 20.080975213543553, 'mape': 11.15609734085753}, {'round_number': 3, 'mae': 11.785645118719458, 'mse': 138.9014308643958, 'rmse': 14.142774142463349, 'mape': 7.857096745812972}, {'round_number': 4, 'mae': 15.093767642721499, 'mse': 227.82182165246653, 'rmse': 18.112521171265797, 'mape': 10.062511761814333}, {'round_number': 5, 'mae': 13.529587726140793, 'mse': 183.0497440393396, 'rmse': 16.23550527136895, 'mape': 9.019725150760529}, {'round_number': 6, 'mae': 11.086627957671961, 'mse': 122.91331947183356, 'rmse': 13.303953549206353, 'mape': 7.391085305114641}, {'round_number': 7, 'mae': 12.207997287931084, 'mse': 149.0351977821327, 'rmse': 14.6495967455173, 'mape': 8.138664858620723}, {'round_number': 8, 'mae': 12.06135559852808, 'mse': 145.47629887414465, 'rmse': 14.473626718233694, 'mape': 8.040903732352053}]"
f7ce8178-1abe-55fa-b02a-886b19d124c2,e2dcb5fa-a88e-4375-b48e-e8fc275579ab,0,2026-06-01 12:00:00,participant_f7ce8178@example.com,A,true,example.csv,19.0,7322,F,true,4.624409442245697,false,"",0.0,Test City,8,[],[],[],13.436759508110033,187.65640528456765,13.698773860625908,8.957839672073355,"[{'round_number': 1, 'mae': 16.57473750136095, 'mse': 274.721923239021, 'rmse': 19.88968500163314, 'mape': 11.0498250009073}, {'round_number': 2, 'mae': 8.77683448001814, 'mse': 77.03282348963529, 'rmse': 10.532201376021767, 'mape': 5.85122298667876}, {'round_number': 3, 'mae': 16.447202005675116, 'mse': 270.5104538154836, 'rmse': 19.736642406810137, 'mape': 10.964801337116745}, {'round_number': 4, 'mae': 15.79695322539639, 'mse': 249.5437312053614, 'rmse': 18.956343870475667, 'mape': 10.53130215026426}, {'round_number': 5, 'mae': 12.654547463783063, 'mse': 160.13757151313834, 'rmse': 15.185456956539674, 'mape': 8.436364975855374}, {'round_number': 6, 'mae': 10.637362195601435, 'mse': 113.15347448041058, 'rmse': 12.764834634721721, 'mape': 7.091574797067623}, {'round_number': 7, 'mae': 12.254419981036943, 'mse': 150.17080907163745, 'rmse': 14.70530397724433, 'mape': 8.169613320691296}, {'round_number': 8, 'mae': 14.352019212008239, 'mse': 205.98045546185358, 'rmse': 17.222423054409887, 'mape': 9.568012808005493}]"
